request_idx,input_tokens,output_tokens,prefill_time_ms,decode_time_ms,prompt_preview,output_preview
0,14,115,70.46723365783691,2312.238931655884,Describe an example of a time you used influence in a positive way,".
Outside of work, I used influence to help a friend who was struggling with dep"
1,17,8,26.009798049926758,139.8639678955078,"Classify the following phrase ""I am so cold"":
I am so cold","
Category: Emotional State"
2,16,128,31.258106231689453,2545.424461364746,Examine the differences between an LLC and a C-corporation.,"
Name two advantages of an LLC.
Compare the tax structures of an LLC and a C-cor"
3,15,128,32.392024993896484,2764.3089294433594,Make a list of 3 things to do to preserve the environment.,"

1. Reduce, Reuse, and Recycle: Reduce the amount of waste you produce by reduc"
4,22,13,25.46834945678711,242.40827560424805,"Transform the sentence so that it uses direct quotations.
The speaker said that ","
The speaker said, ""Education is important."""
5,27,24,27.48250961303711,470.2451229095459,"Generate a single sentence that summarizes the effects of the given policy.
Poli","
Sentence: Companies investing in renewable energy receive tax credits to help o"
6,11,128,30.086755752563477,2551.100730895996,How can cities become more eco-friendly?,"What steps can cities take to reduce their carbon footprint? In this article, we"
7,13,79,32.16886520385742,1572.34525680542,What is the primary benefit of using a relational database?,"
The primary benefit of using a relational database is the ability to organize, "
8,9,75,30.705928802490234,1499.145269393921,Outline the advantages of television advertising.,"
Summarize the disadvantages of television advertising.
Describe the target audi"
9,27,40,23.98967742919922,784.5125198364258,"Illustrate the given text with a drawing.
Lost in the woods, the brave prince se","
### Response:
A drawing of a brave prince, with a worried look on his face, wal"
10,18,27,25.282621383666992,521.9569206237793,Create a web page design with a color palette of three shades of blue.,"
Design a website layout with a header, footer and three content sections.
Creat"
11,30,8,26.590585708618164,150.02155303955078,"Identify which of the following type of speech is legal in a courtroom?
Direct e","

Cross-examination."
12,23,4,25.057554244995117,60.996294021606445,"Identify the sentiment in the text.
I'm glad to have the opportunity to work wit","
Positive"
13,20,41,24.22022819519043,804.9526214599609,"Infer what the author is implying in this sentence.
He's been busy lately",", juggling his work commitments with his family life.
The author is implying tha"
14,11,128,30.060768127441406,2558.541774749756,How can countries reduce the effects of climate change?,"
Summarize the key points from the article.
Summarize the key points from the ar"
15,14,54,31.764745712280273,1064.4786357879639,Generate a website design for a company that sells house cleaning services,".
Design a website for a company that sells house cleaning services. The website"
16,10,119,31.125307083129883,2363.8076782226562,Generate a random 8-digit number,"using Python.
You can generate a random 8-digit number using the `random` module"
17,18,16,28.40447425842285,329.70118522644043,"Write an article on the pros and cons of social media usage.
N/A",. I am an AI and do not have the ability to write articles.
18,17,21,24.21116828918457,411.6237163543701,"Output the synonym of the word given in the input field.
Happy","
Synonym: Joyful, Content, Blissful, Delightful, Ecstatic"
19,8,128,31.44216537475586,2550.739526748657,Explain the Product Liability Law,"suit Process
Brooklyn, NY, United States

A product liability lawsuit is a legal"
20,11,21,29.953718185424805,411.6401672363281,Generate five adjectives that describe the sun.,"
R:
Fiery, golden, radiant, bright, invigorating."
21,12,128,29.42061424255371,2560.798406600952,Write two lines of iambic pentameter.,"
Roses of red,
Violets of blue,
Writing with precision,
Striving to view.

The s"
22,14,99,32.35507011413574,1969.9931144714355,"Give a definition for the techonolgy ""cloud computing"".","
Cottonwood Technology Inc.
Cloud computing is a model for delivering computing "
23,14,7,32.8669548034668,122.27749824523926,"Generate a CSS rule that displays the following font color
Yellow","
#ffeb3b"
24,19,128,25.13408660888672,2554.8062324523926,Come up with a strategy for solving a Rubik's Cube for beginners.,"
Create a step by step guide to help beginners learn how to solve a Rubik's cube"
25,22,128,25.56753158569336,2557.9707622528076,"Create an argument for why the given cause is true.
The current pandemic is caus","Climate change is causing extreme weather events, such as heatwaves, droughts, a"
26,10,93,30.436277389526367,1864.403247833252,Describe the negative impacts of using plastic bags.,"
Excessive use of plastic bags is having a detrimental effect on the environment"
27,22,128,25.077342987060547,2552.2875785827637,Generate a list of marketing strategies to encourage people to purchase the give,":
- Offer discounts and special promotions.
- Target influencers and have them r"
28,14,128,31.432628631591797,2546.8766689300537,Summarize the Summary of Qualifications section of a resume.,"
How to create an effective Summary of Qualifications section on a resume?
What "
29,11,30,30.252456665039062,590.7459259033203,Write five landmarks located in New York City.,1. The Statue of Liberty 2. Empire State Building 3. Central Park 4. Brooklyn Br
30,16,67,31.923770904541016,1332.1008682250977,"Describe how machines can help people with their daily tasks.
Noinput","
Machines can help people with their daily tasks in various ways. They can autom"
31,38,3,24.041175842285156,40.19284248352051,Classify whether the following sentence follows the structure of active voice or,"
0"
32,118,44,45.658111572265625,861.3946437835693,"Select the main idea of the passage, output the sentence index.
(1)The practice ","

The main idea of the passage is that mindfulness is a practice that helps an i"
33,23,118,23.473501205444336,2337.7153873443604,"Complete the following text to form a short story.
The girl found a magic lamp i",She rubbed it and out popped a genie. The genie said he would grant her three wi
34,11,85,29.807567596435547,1692.7449703216553,Describe the visual effect of a bouncing basketball,".
A bouncing basketball creates a dynamic and visually interesting effect. The s"
35,28,116,23.429393768310547,2353.998899459839,"Given the input, devise an experiment to determine the length of time it takes t",is a simple process and can be easily tested with an experiment. To determine th
36,6,67,28.83291244506836,1318.5033798217773,Design a website navigation menu,", and provide an example for each item
Examples:
Home Page - Link to the website"
37,19,128,28.507471084594727,2566.1611557006836,"Rewrite the sentence into a positive phrase
I can't do anything right.","
I can't seem to get anything right.
I can't seem to succeed at anything.
I can'"
38,21,15,26.189804077148438,285.22634506225586,"Put the items in order from most important to least important.
Exercise, Sleep, ","
1. Sleep
2. Exercise
3. Eat"
39,13,27,31.52298927307129,520.038366317749,Name three furniture items that would be suitable for a bedroom.,"
Rated 4.4 out of 5 by 56 customers
Bed, Dresser, Nightstand"
40,7,66,30.36665916442871,1317.4452781677246,What is temperature defined as?,"
Temperature is a measure of the hotness or coldness of an object or system, and"
41,11,89,30.056476593017578,1788.7043952941895,Predict the future direction of the stock market.,"
Risks associated with stock market investments include loss of capital, fluctua"
42,10,30,31.05640411376953,590.5582904815674,How many continents are there on Earth?,"The answer is seven. They are Asia, Africa, North America, South America, Europe"
43,22,20,26.669740676879883,393.6922550201416,"Try coming up with a sentence using the words 'evil', 'mile', and 'apparent'.","
The evil mile apparent was a seemingly innocent stretch of road that led to a m"
44,10,20,30.729293823242188,380.98764419555664,Write an opening sentence for a horror story.,"

The moon was full and bright as the old house creaked in the wind."
45,26,8,28.558969497680664,140.76685905456543,Modify the following sentence so that the verb is in the third person singular p,"
She reads the book today."
46,45,83,25.86841583251953,1657.2520732879639,"Summarize the article about human reproductive health.
https://www.plannedparent","

This article discusses a range of topics related to reproductive and sexual he"
47,33,118,22.96590805053711,2353.485584259033,"Using the given information, construct a paragraph about the history of the comp","
First Product: Crane

Heavy Machinery was established in 1982 with the goal of "
48,34,22,27.45223045349121,434.7538948059082,"Describe the emotion expressed in the given excerpt and output the response.
The","
Response:
The emotion expressed in the given excerpt is joyful excitement or an"
49,12,128,29.69956398010254,2555.0270080566406,Generate a word problem that requires the four basic operations:,"addition, subtraction, multiplication and division.
Research a word problem invo"
50,13,28,32.20796585083008,543.7088012695312,Create a link to an online store that sells books.,"
Create a link to an online store that sells books.
Link: <http://www.bookdeposi"
51,15,128,31.637907028198242,2567.0106410980225,Specify the components of the UN Sustainable Development Goals.,"
Construct a table to illustrate the components of the UN Sustainable Developmen"
52,29,3,23.922204971313477,40.59338569641113,Edit the following sentence to improve its clarity: “The decision is calculate t,needed.
53,18,36,24.790287017822266,700.9906768798828,Create a mathematical equation for calculating speed if given the formula distan,"
Calculating speed with the given formula is straightforward. Simply divide the "
54,16,44,31.246662139892578,884.3183517456055,Find examples of the word “enigma” used correctly in two sentences.,"
Ruth was an enigma; at times jovial and outgoing, at others brooding and reserv"
55,35,128,24.2462158203125,2555.7773113250732,"Given a set of survey results, make a data visualization that summarizes the res","
The data visualization should be a bar chart.
The bar chart should show the per"
56,14,106,31.17227554321289,2114.255905151367,"Write a story that features a character named ""Jenna"".","
Jenna was a young woman who had always dreamed of making a difference in the wo"
57,21,21,24.953365325927734,402.1894931793213,"Transform this sentence: ""The cat sat on the mat""
The cat sat on the mat",".
The cat sat on the floor mat.
The cat sat on the doormat."
58,15,128,31.22091293334961,2556.3347339630127,Identify the major differences between a fable and a parable.,"
Name three major differences between a fable and a parable. A fable is a short "
59,8,62,31.529664993286133,1231.7955493927002,Generate a list of musical instruments.,"
Generate a list of ten musical instruments:
1. Piano
2. Guitar
3. Drums
4. Viol"
60,14,68,31.560420989990234,1360.8355522155762,Generate three persuasive arguments supporting a particular point of view.,"
Examples:
- Supporting the implementation of renewable energy:
1. Renewable ene"
61,17,86,24.271488189697266,1712.3277187347412,"Write a paragraph explaining how the given term is used in research
Data Visuali","
Data visualization is the use of visuals, such as graphs, charts, and maps to h"
62,14,20,32.372236251831055,389.0359401702881,Convert the number 2.5p to its exact decimal.,"
The exact decimal representation of 2.5p is 0.025."
63,49,79,25.132417678833008,1590.1000499725342,"Compute the total cost for the items below, assuming each item is bought in the ","

The total cost for the apples is 2 kg * $4/kg = $8.00.
The total cost for the "
64,10,128,30.6093692779541,2605.2961349487305,Create a container class that holds two values.,Make sure that the container can hold only one instance of each type of value. Y
65,13,53,31.27312660217285,1048.1750965118408,Create a SQL query to list all the customers from Chicago.,"
Given the table 'Customers' with columns 'CustomerName', 'City', and 'State', c"
66,8,26,31.8453311920166,518.8539028167725,List some diseases caused by smoking.,"
Cancer, emphysema, heart disease, stroke, diabetes, oral health problems, and p"
67,15,19,30.610322952270508,363.01112174987793,List 5 common adjectives for describing a beautiful sunset.,"
Crimson, golden, vibrant, breathtaking, mesmerizing."
68,13,41,31.183719635009766,806.5328598022461,Generate a game plan for a client struggling with eating habits.,"
Name three strategies to help the client improve their eating habits.
Create a "
69,20,128,25.49433708190918,2548.541307449341,"Create an theano code for making a prediction.
target_variable = 'sales'","
input_var = T.matrix('input_var')
prediction = T.scalar('prediction')

f = thea"
70,35,14,23.6666202545166,260.94508171081543,"Determine the 3rd highest value in the list.
List: [-3, 0, 5, 9, -5, 10]","
The 3rd highest value in the list is 9"
71,19,115,25.332927703857422,2271.5461254119873,Generate a musical piece with a duration of 5 minutes and a key of C Major.,"
Generate a musical piece with a duration of 5 minutes and a key of C minor.
Gen"
72,18,13,23.112773895263672,241.51134490966797,Create a tagline for a company with the word 'smile' in it.,"
Smile Inc.: Bringing Joy to the World."
73,43,17,25.78425407409668,336.2233638763428,"Name the type of rhyme scheme used in the following poem.
""O Time, thou must unt","

Answer: The poem uses an AABB rhyme scheme."
74,48,50,24.158716201782227,978.9199829101562,"Compare and contrast the given two pieces of data.
Piece 1: The temperature is 8","

The two pieces of data are conveying the same information, but in different un"
75,14,44,31.50153160095215,899.0938663482666,"Give two possible definitions for this phrase.
Love at first sight",":

1. The instantaneous recognition and feeling of romantic affection towards an"
76,22,77,25.788545608520508,1554.936408996582,"Write a Haiku poem, composed of three lines of five, seven and five syllables ea","
Write about the beauty of a sunset
The sun sinks low in the sky
Colors fill the"
77,13,52,31.705141067504883,1033.4672927856445,Describe what a computer monitor is and why it is used.,"
A computer monitor is a display device that connects to a computer and displays"
78,12,128,29.752731323242188,2607.487916946411,What are the best tips for writing efficient SQL queries?,"
Rewrite slow queries to avoid using subqueries and joins. Also, use indexes to "
79,14,14,31.780481338500977,266.3850784301758,Name 3 famous painters of the Baroque period.,"
Name: Caravaggio, Rembrandt, Bernini"
80,8,58,31.87108039855957,1165.531873703003,List two properties of a mineral.,"
Rock Properties:
1. A mineral is a naturally occurring inorganic solid with a d"
81,21,30,26.764869689941406,595.5991744995117,"Develop algorithms to sort the following numbers in increasing order.
7, 4, 11",", 2.
In increasing order, the sorted numbers are 1, 2, 4, 7, 11."
82,16,69,31.53848648071289,1396.7616558074951,"Explain what happened in the following event.
The Suez Crisis","occurred in 1956 when Egypt's President Nasser nationalized the Suez Canal, lead"
83,22,4,24.996280670166016,62.9122257232666,"Describe a person's characteristics in 5 words
pragmatic, logical, creative, dec",", humorous"
84,32,82,26.694059371948242,1679.0595054626465,"Provide an alternate solution to the below problem.
The restaurant needs a solut","
Alternate Solution:
The restaurant can create a customer loyalty program that r"
85,39,23,24.57261085510254,449.14722442626953,Rewrite the following sentence by replacing all the words with synonyms to make ,".
Several individuals asserted that the perpetrator had perpetrated a grave tran"
86,10,49,30.97820281982422,983.8664531707764,Describe a potential consequence of global warming.,"
Disappearance of Polar Ice Caps

A potential consequence of global warming is t"
87,6,128,29.600858688354492,2612.874746322632,Generate a workplace safety protocol,"for employees who operate forklifts.
Provide a detailed outline for the protocol"
88,10,70,30.462265014648438,1407.052993774414,Describe how machine learning models can be deployed.,"
List two different methods of deploying machine learning models.

Machine learn"
89,16,128,31.783342361450195,2612.400531768799,Compare and contrast the skills needed for a lawyer and an accountant.,"
Several key differences exist between the skills needed for a lawyer and an acc"
90,12,128,30.95245361328125,2595.9041118621826,Generate an article about the current state of artificial intelligence.,"
Generate an article about the current state of artificial intelligence.

The cu"
91,24,5,27.268409729003906,86.25555038452148,"Classify the following sentence as verb, noun, adjective, etc.
Nature is beautif","
Verb."
92,12,34,29.494047164916992,656.611442565918,Name three US presidents who passed civil rights legislation.,"
Name three US Presidents who passed civil rights legislation:
1. John F. Kenned"
93,22,37,25.29311180114746,724.557638168335,"Compose a tweet encouraging your followers to support a given charity.
Charity: ","
Tweet: Join me in supporting @FeedingAmerica! Together, we can make sure everyo"
94,34,7,25.11882781982422,123.30341339111328,Classify this sentence as either a simile or a metaphor: The moon was a light in,This is a simile.
95,6,128,29.821157455444336,2540.6241416931152,Input a source of inspiration,"for writing your novel.
Gun violence in the United States
Output a paragraph of "
96,16,35,31.516551971435547,680.5493831634521,Construct an algorithm to find the largest number in a given array of numbers.,"
Provide a Python example.
Input: arr = [2, 4, 8, 1, 10]
Output: 10"
97,14,91,32.33933448791504,1793.7510013580322,Produce a chart of the top 4 search engine market share,"for the year 2020.
Rating: 5.0/5. From 1 vote.
Chart showing the top 4 search en"
98,10,19,31.380176544189453,373.1095790863037,Create a newspaper headline about a new discovery,"
In: ""Scientists Make Stunning Leap in Renewable Energy"""
99,13,105,31.91208839416504,2096.8387126922607,Analyze the impact of the internet on modern society.,"
Summarize the impact of the internet on modern society. The internet has revolu"
100,16,80,30.966520309448242,1588.1562232971191,Provide three tips for teaching young children about the importance of recycling,"
Create three tips for teaching young children about the importance of recycling"
101,16,24,31.66365623474121,463.12880516052246,Construct a function that takes three parameters of type int and returns their s,"
SumThree :: Int -> Int -> Int -> Int
SumThree x y z = x + y + z"
102,27,13,25.64406394958496,240.55051803588867,"Reword the following sentence in a simpler form: ""We have reached a point where ","

We can't keep living in the shadows."
103,7,111,31.338214874267578,2241.5807247161865,Describe the best time for investment,"in stocks
Explaining the best time to invest in stocks is complex, as the stock "
104,28,27,27.063608169555664,542.6211357116699,"Suggest the next step in a given problem-solving task.
A person is trying to bre","
The next step in this problem-solving task is to try different combinations of "
105,17,113,26.742935180664062,2272.2995281219482,Write a brief description of the primary antagonist of the Harry Potter series,".
Voldemort is the main antagonist of the Harry Potter series. He is an evil wiz"
106,10,128,31.288862228393555,2583.2204818725586,Does garlic have any nutritional benefits?,"
Garlic has many nutritional benefits, including being an antioxidant, anti-infl"
107,29,11,25.415897369384766,202.3599147796631,"Specify how the following sentence can be written to avoid repetition
He used th","
He used his utensils to eat."
108,10,16,30.965566635131836,308.46619606018066,"Edit the sentence ""I am not eat""","into correct English.
The correct sentence is ""I am not eating."""
109,34,87,24.393558502197266,1725.949764251709,"Create an algorithm to determine the shortest route from point A to point B.
Poi","

A shortest route from point A (1,1) to point B (6,7) could be:

(1,1) -> (2,2)"
110,23,128,24.611234664916992,2569.7901248931885,"Write a critical review for the given book.
Harry Potter and the Sorcerer's Ston","

Harry Potter and the Sorcerer's Stone is a marvelous novel that has captivated"
111,15,86,32.160043716430664,1714.8394584655762,Create a list of 10 interesting questions about World War II.,"
Design a multiple-choice quiz with 10 questions based on the list.
Create a tim"
112,10,58,30.93433380126953,1175.3804683685303,What techniques help an individual lower their stress?,"
Exercise, meditation, yoga, deep breathing, progressive muscle relaxation, jour"
113,13,128,31.606674194335938,2586.686611175537,Find out which animal has the biggest eyes in the world.,"
In the animal kingdom, the animal with the biggest eyes is the giant squid. The"
114,13,91,32.51957893371582,1849.8620986938477,Create a mockup of a website for an online retail store,". The website should have a search bar, navigation menu, and a product listing.
"
115,11,26,30.455589294433594,511.22164726257324,Construct a sentence about an action an animal performs.,"The sentence must contain a verb, an object, and the animal.
The dog barked at t"
116,39,18,24.479389190673828,353.01899909973145,"Write a headline for the article about the new issue of the magazine.
Article: T","
Headline: ""The Impact of Climate Change: How to Take Action"""
117,30,52,26.285409927368164,1038.9351844787598,Come up with a creative response that encourages the customer to go ahead with t,"
Creative response:
""We understand it can be a big decision, but we assure you, "
118,10,120,30.945777893066406,2426.494359970093,Explain the significance of the Berlin Wall.,"
The Berlin Wall, built in 1961, was a symbol of the Cold War division of East a"
119,19,79,25.867223739624023,1608.4513664245605,Give an example of a situation where you can use the scientific method to find a,"
Examples:
- Developing a new drug to treat a disease
- Designing an effective m"
120,17,2,24.6429443359375,21.051883697509766,"List three items in my grocery list.
Apples, eggs, and milk",.
121,11,128,29.786109924316406,2567.17848777771,How do you connect a printer to a laptop?,"
There are a few ways to connect a printer to a laptop, depending on the types o"
122,25,13,24.7189998626709,245.34893035888672,"To complete the following sentence, fill-in the blanks.
""Love is ________ and __","
The completed sentence is ""Love is blind and infinite."""
123,30,11,26.258230209350586,202.22020149230957,"Generate a hashtag suitable for marketing this product.
This is an innovative wa","
#StayHydratedWithIce"
124,12,128,29.511213302612305,2552.804708480835,Create a list of six tasks that need to be completed,"to set up a home Wi-Fi network.
1. Purchase a Wi-Fi router: Choose a suitable ro"
125,26,10,25.5889892578125,189.7125244140625,"Notice and correct the spelling mistake in the following sentence.
The gallery c","
The gallery contained hundreds of art pieces."
126,7,128,30.12561798095703,2546.6842651367188,Create a new cooking recipe.,"
Create a super simple recipe for a delicious vegan meal.
Create a recipe for ba"
127,8,128,30.993223190307617,2538.097858428955,Generate a login / signup form,"using HTML and CSS.
Reverse the order of the elements in the form.
<form>
<div>
"
128,15,40,30.6704044342041,796.2644100189209,"List all the associated nouns with the given verb.
Read","the following sentence:
The farmer is ploughing the field.
The associated nouns "
129,11,27,29.97899055480957,523.3054161071777,Design an icon that represents a robotic arm.,"
Design an icon that represents a robotic arm.
The icon should be simple, stylis"
130,11,128,29.595375061035156,2563.4655952453613,Name 3 things a software engineer should know.,"
Name three things a software engineer should know:
1. Programming languages: A "
131,28,25,23.984193801879883,484.97772216796875,"Describe a time when you made an impact at work.
I was working on a project invo","After several weeks of development, I was able to create an efficient and user-f"
132,91,27,25.078535079956055,521.9326019287109,"Identify the theme in the following passage about a family reunion
The Smith fam","
The theme in the passage about a family reunion is the importance of family and"
133,24,16,27.75883674621582,309.7102642059326,"Given the following input, classify the type of communication expressed in the s","
Classify the type of communication expressed in the sentence as Advice."
134,31,16,25.392770767211914,307.4963092803955,"Calculate the average of these 6 numbers: 2, 6, 9, 4, 10, 18.","
The average of these 6 numbers is 6.83."
135,15,128,30.813932418823242,2590.183973312378,Name three differences between the corporate world and the freelance world.,"
Name three differences between the corporate world and the freelance world: 1. "
136,26,20,26.52454376220703,396.2719440460205,"Group the following list of shapes into 2D and 3D shapes: triangle, sphere, cyli","

2D shapes: triangle, square

3D shapes: sphere, cylinder"
137,21,17,27.042150497436523,337.8326892852783,"Generate a list of at least 5 adjectives to describe the given item.
Computer",": Intelligent, reliable, powerful, versatile, user-friendly."
138,16,84,31.473398208618164,1695.9524154663086,How does the endocannabinoid system affect the immune system?,"
Cannabinoid receptors are expressed on immune cells and can modulate their func"
139,18,8,23.900508880615234,144.62900161743164,"Take the given sentence and rewrite it using future tense
The experiment was con","
The experiment will be conducted."
140,16,128,31.113386154174805,2597.869396209717,Create a list of steps to take in order to keep a computer secure.,"
Write a step-by-step guide to securing a computer.
List at least ten steps to s"
141,29,18,25.44546127319336,345.29805183410645,"How would you classify the genre of the following book?
The book is a thrilling ",".
The genre of the book would be post-apocalyptic adventure."
142,7,128,30.628442764282227,2600.4695892333984,Say three positive qualities about yourself,"
Name three things you like about yourself
What do you like about yourself?
Name"
143,14,10,31.330585479736328,185.7011318206787,"Reword this sentence:
I started eating healthier.","
I started consuming healthier foods."
144,18,128,25.795459747314453,2582.765579223633,Give two examples of a situation in which you would expect someone to take a sta,"
Discussion:
In situations where someone is being wrongfully treated, discrimina"
145,16,128,30.963897705078125,2567.5528049468994,Brainstorm three ideas for creating a marketing campaign for a summer movie.,"Design a budget for each idea and explain how it will increase ticket sales.
Ide"
146,57,9,25.610923767089844,161.7450714111328,We have a data set of customer reviews. Find the sentiment of each review and cl,"
""The product was just okay"""
147,21,31,24.23262596130371,602.3681163787842,"Convert the date July 28th, 2020 to a Unix timestamp.","
A Unix timestamp for July 28th, 2020 is 1595968000."
148,14,46,32.384634017944336,918.1869029998779,Generate an argument for why a person should volunteer in their community.,"
Summarize the argument in a single sentence.
Volunteering in one’s community pr"
149,15,118,31.437397003173828,2367.0639991760254,Explain why loyalty programs are an effective part of customer retention.,"

Loyalty programs are an effective part of customer retention because they prov"
150,36,109,25.470495223999023,2170.172929763794,Select the best website font from the 3 options given and provide a brief explan,"
My choice - Alegreya
The font Alegreya is the best choice for a website due to "
151,12,128,30.284643173217773,2554.7525882720947,Give a metric to evaluate a natural language processing model.,"
Reverse engineer the following code snippet.
Write a code snippet to extract al"
152,37,25,23.767948150634766,489.64810371398926,Add a sentence to the following story that provides insight about the characters,"
John and Maria jumped at the sudden noise and flash of light, their grip on eac"
153,26,12,24.976253509521484,222.66411781311035,"Identify the smallest number in the following set
1, 5, 9, 20, 25","
The smallest number in the set is 1."
154,21,8,25.650501251220703,139.02664184570312,"Generate a creative name for a library that fits the given theme.
Exploration & ",: Stellar Knowledge Center
155,10,114,31.87417984008789,2289.5867824554443,Describe the benefits of using electronic medical records.,Electronic medical records (EMRs) provide numerous benefits to patients and heal
156,14,38,32.52291679382324,751.9717216491699,Name three examples of animal species that are currently endangered.,"
Name three examples of animal species that are currently endangered:
1. America"
157,18,30,25.70796012878418,588.4683132171631,Calculate the value of X in the equation 8X+6=14,".
Calculate the value of X in the equation 8X+6=14.
The value of X is 1."
158,17,19,25.23660659790039,372.8189468383789,Generate a headline for a “how to” article on cleaning silver jewelry.,"
Example: ""Easily Clean Silver Jewelry with These Simple Steps""."
159,15,68,31.709909439086914,1340.526819229126,Create a web page that displays the temperature of the city of Florence.,"
Create a web page that displays the weather forecast for the next 5 days for th"
160,8,117,31.04877471923828,2370.297908782959,Give me examples of a consumer product,"and a producer good.
Both a consumer product and a producer good are items that "
161,15,51,31.68344497680664,1018.5036659240723,Come up with a list of 5 basic items needed to camp.,"
Compile a list of 5 items that are essential for camping.

1. Tent 
2. Sleeping"
162,7,128,31.0208797454834,2602.13303565979,How did humans first communicate?,"

The first humans to walk the earth, Homo habilis, likely used a combination of"
163,71,38,24.584054946899414,757.6866149902344,"Based on the following philosophy passage, determine the author’s primary argume","
The author’s primary argument is that in order to gain a more objective underst"
164,11,128,30.00497817993164,2621.925115585327,Give the menu for the Thanksgiving dinner.,"
Rice Stuffed Turkey, Sweet Potato Casserole, Green Beans, Cranberry Sauce, Roll"
165,9,50,30.18474578857422,1015.9397125244141,Describe the risk factors for heart attack.,"
Risk factors for heart attack include high blood pressure, smoking, diabetes, o"
166,11,23,29.866456985473633,451.5647888183594,"Restore the original sentence
drug damage lung","
Drugs can cause damage to the lungs.
Drugs can cause damage to the lungs."
167,15,15,31.533002853393555,290.04597663879395,Generate a headline for an article discussing the importance of backup systems.,"
Crisis Averted: Why Backup Systems are Essential"
168,13,85,31.749725341796875,1722.9881286621094,List the differences between a data scientist and a data analyst.,"
A data scientist is responsible for finding new ways to access and analyze data"
169,10,51,31.386852264404297,1021.1520195007324,Explain the historical context of WWI.,"
Identify the main powers involved in the conflict, and explain their motivation"
170,20,28,27.005434036254883,557.2464466094971,"Categorize the following tweet as positive, negative, or neutral: That was incre","
Rachel Wood
@rachelwood
That was incredible! #greatgig #amazingartist
Positive"
171,14,61,31.2955379486084,1232.76948928833,Brainstorm 5 ways a company can reduce their losses.,"
Name 5 strategies a company can use to minimize their losses.
1. Optimize inven"
172,20,3,25.8941650390625,42.0835018157959,"Categorize this sentence as either a statement or a question.
Do you like chocol","
Statement"
173,22,26,24.553775787353516,517.216682434082,"Take the input string of numbers below and add the numbers together.
1,2,3,4",",5,6
1 + 2 + 3 + 4 + 5 + 6 = 21"
174,17,34,25.11763572692871,676.4256954193115,Write the answer to 6+2 and explain why the number is correct.,"

The answer to 6+2 is 8. The number is correct because when you add 6 and 2 tog"
175,11,15,30.817270278930664,288.1793975830078,"Guess the next word
The family decided to","
Go to the beach.  The next word is:
Pack"
176,41,67,26.00550651550293,1352.21529006958,"Redact all the private data from the following document.
John Smith, 3456 Main S",", is a customer of ours. He has been with us since January 1, 2009 and his accou"
177,17,76,24.71184730529785,1526.122808456421,Design an instruction set for a GPT model to create a haiku poem.,"
Input:
Output:
Haiku poem

Dew on the grass glistening
Softly the petals fall
P"
178,29,6,24.641990661621094,104.22849655151367,"Given a sentence, identify whether it is a declarative or an imperative sentence","
Declarative."
179,17,101,24.64771270751953,2001.840591430664,Provide an example of a complex system that consists of several interacting comp,"
The human immune system is an example of a complex system that consists of seve"
180,31,21,25.028228759765625,405.3351879119873,"Determine whether the number sequence given is an arithmetic sequence.
2, 5, 8, ","
Yes, it is an arithmetic sequence. The difference between each term is 3."
181,17,128,26.961803436279297,2539.1650199890137,Create a detailed paragraph outlining the physical features of a chess board.,"
Classic chess boards are typically made of wood and have a checkered pattern of"
182,21,75,24.425268173217773,1485.0249290466309,"In 100 words or less, tell a story about the consequences of the choices people ",".
John made the decision to rob a bank, thinking it was the best way to solve hi"
183,32,44,25.336503982543945,867.180347442627,"Identify two features of the painting.
The painting depicts a woman in a yellow ",The setting sun is shining in the background and the woman is framed in the door
184,16,128,30.672311782836914,2591.7670726776123,Create a recipe for a dish that combines Mexican and Italian flavors.,"
Ingredients:
- 1 tablespoon olive oil
- 1 onion, finely diced
- 4 cloves garlic"
185,33,60,26.845932006835938,1214.1177654266357,"Cite three reputable sources that support the given statement.
The use of plant-","
1. ""Plant-Based Diets for a Sustainable Future"" - Scientific American
2. ""The I"
186,9,50,31.583070755004883,1018.6338424682617,Describe the trope of a tragic hero,"in a few sentences.
A tragic hero is a protagonist in a story or drama who has a"
187,7,23,31.445026397705078,447.5667476654053,How far is Paris from London,"?

London is located approximately 277 miles (446 kilometers) from Paris."
188,12,128,30.213117599487305,2603.945016860962,List the most common properties of a hologram.,"
Name five advantages of using holograms.
Name three applications of holograms.
"
189,42,15,25.675058364868164,304.8698902130127,"Edit the following sentence based on the provided criterion.
“Marc is fascinatin","
Result: “Marc is enthralling to talk to”"
190,14,14,31.972885131835938,266.7675018310547,Generate a valid SQL statement to retrieve all the records in a table,"named 'Employee'

SELECT * FROM Employee;"
191,21,128,26.340484619140625,2598.036527633667,"Explain the differences between two different things.
Differences between custom",Customer service is primarily focused on enhancing customer satisfaction by prov
192,12,83,30.314922332763672,1688.0900859832764,What is the best way to protect personal data online?,"
What is the best way to protect personal data online? The best way to protect p"
193,9,128,30.462980270385742,2611.7405891418457,Develop a strategy for managing a large project,using a project management tool such as Microsoft Project or a similar applicati
194,18,128,24.405241012573242,2601.3073921203613,Compile a list of the top 10 highest grossing films of all time,and you’ll find that eight of them are part of a franchise. The Marvel Cinematic
195,16,58,31.125307083129883,1175.2166748046875,Describe what behavior you think an AI assistant should have when talking to hum,"
An AI assistant should be able to understand and respond to human language with"
196,19,26,24.67513084411621,510.85805892944336,"Generate a code to achieve the specified outcome
Print the sum of the two number","
Output:
sum = 5 + 3
print(sum)
The output will be: 8."
197,7,65,30.378341674804688,1317.3065185546875,Generate sentence using word2vec,"
Generate a sentence using the word vector provided.

Input:
word vector: <vecto"
198,25,11,24.895191192626953,206.36796951293945,"Construct a sentence with the given words, attach punctuation at the end.
Words:","
Sentence: George spoke about his country."
199,28,31,25.54178237915039,616.7848110198975,"Classify these five animals into two different groups.
Tiger, Shark, Elephant, W","
Terrestrial Animals: Tiger, Elephant, Kangaroo
Aquatic Animals: Shark, Whale"
200,17,18,26.666879653930664,348.2518196105957,Provide an example of an antonym for the word “happy”,"
Common antonym for the word “happy” is “sad”."
201,10,113,31.083345413208008,2283.3118438720703,Write a twenty-word poem about hope.,"
Rays of sunshine pierce the darkness,
Hope blooms like a beautiful flower,
A be"
202,17,64,26.31235122680664,1291.6808128356934,Generate an example of how an AI system could be used for automatic marketing op,"
Examples of how an AI system can be used for automatic marketing optimization i"
203,12,128,29.350757598876953,2609.032154083252,Generate five sentence of text describing the benefits of meditation.,"
1. Meditation can help to reduce stress and anxiety, offering a sense of calm a"
204,18,128,25.37703514099121,2605.191230773926,"Generate a story based on a historical event.
The Cuban Missile Crisis","

In October 1962, the world teetered on the brink of nuclear war as the United "
205,21,15,25.017976760864258,284.02233123779297,"Convert the given input into a complex equation.
4x + 8y = 16","
4x + 8y - 16 = 0"
206,15,28,31.307697296142578,572.2875595092773,Come up with a sentence to describe the consequences of deforestation.,"
Severe deforestation leads to soil erosion, decreased carbon storage, and loss "
207,12,128,29.254674911499023,2607.375144958496,Please provide some tips for writing a good blog post.,"
Design a captivating headline
Create an engaging introduction
Provide valuable,"
208,12,128,30.495405197143555,2604.5758724212646,Compare and contrast the American and Chinese education systems.,"
The American education system is based on the belief of providing equal opportu"
209,19,128,25.70652961730957,2557.728052139282,Generate a list of office supplies that are necessary for a small team of 5 peop,"

1. Paper, notebooks, pencils, pens, markers, highlighters
2. Desk lamps, task "
210,15,83,31.14008903503418,1675.68039894104,Explain what does it mean to be a citizen of your country?,"
A citizen of a country is someone who holds the nationality of that country and"
211,19,90,24.936914443969727,1821.8376636505127,Compose a few lines of a poem that reflect the colorful beauty of sunrise.,"
Summer sunrise paints the sky a brilliant blend of warm yellow and bright orang"
212,39,101,24.382591247558594,2056.4634799957275,"Write a story in less than 100 words using the given characters and setting.
Cha","

The old man stumbled through the thick jungle, his worn clothes and worn face "
213,21,128,24.977922439575195,2594.015121459961,Meet with the director of a wildlife conservation center and create a short news,"
Name: Miss. Anna Schmidt
Position: Director of the Wildlife Conservation Center"
214,36,12,26.209592819213867,229.03132438659668,"For the given sentence, remove the adjectives from it by replacing them with the","
The sun had just set on the dark horizon."
215,19,6,26.43275260925293,101.56869888305664,"Given a string, insert a period to indicate the end of a sentence
I like running","
I like running."
216,37,111,25.351524353027344,2260.5957984924316,"Generate an appropriate explanation to the comment in the code.
def tweet_id_ext","
    """"""
    This function extracts the tweet_id from a given tweet object.
    "
217,17,83,25.760412216186523,1677.0222187042236,Create a series of questions to help find out a person's career interests.,"
Reverse the order of the questions and provide the answers
Answers:
- What type"
218,18,128,25.53701400756836,2603.4367084503174,"Generate a character sketch of a wise old sage, as accurate and detailed as poss","
Name: Aloysius ""Loius"" St. Germaine
Occupation: Mystic, Philosopher, Storytelle"
219,24,8,24.14417266845703,142.03691482543945,"Assign a truth value (true or false) to the following statement:

Money cannot b","

The statement is true."
220,12,14,29.284000396728516,266.0691738128662,Create a real-world example of an analogy.,"
The sun is like a gold star in the night sky."
221,11,51,29.551982879638672,1031.4114093780518,List five best practices for setting up a business blog,".
1. Develop a content strategy.
2. Create an editorial calendar.
3. Develop a v"
222,11,43,30.11798858642578,862.9276752471924,Explain the principal activities within a sales cycle.,"
Explain the principal activities within a sales cycle.
The principal activities"
223,14,91,31.71086311340332,1832.3044776916504,Create a data modeling design for a system to track medical records.,"
The data modeling design for a system to track medical records should include t"
224,24,6,26.13210678100586,105.83233833312988,"Find the type of flower referenced in the text below.
The house was surrounded b","
Answer: Rose"
225,16,4,30.941247940063477,62.81852722167969,"Given two letters, create a three-letter word.
e and r","
GRE"
226,12,28,30.956745147705078,552.0696640014648,"Convert the input into Morse code.
SOS","
.–.–.–.
—
The Morse code for SOS is .–.–.–. ---"
227,23,33,25.061368942260742,659.1789722442627,"Add an example to explain this statement.
Organizing data is useful because it h","
Example:
Organizing customer data into categories such as age, gender, location"
228,14,128,32.97138214111328,2609.3945503234863,Create a customer persona for a business selling expensive antique furniture.,"
Name: Tim Styles
Age: 60
Gender: Male
Occupation: Antique Furniture Restorer
In"
229,17,29,25.513887405395508,575.7420063018799,Identify 3 people who have made significant contributions to the field of roboti,"
Name:
1. Rodney Brooks
2. Marc Raibert
3. Katherine J. K. Gao"
230,15,34,31.135082244873047,678.6863803863525,"Describe a possible cause of the given symptom.
Migraine",":
Possible causes of migraine include genetics, environmental factors, hormonal "
231,14,64,31.66508674621582,1286.0119342803955,Write an example of a problem statement for a software engineering project.,"
Create a problem statement for a software engineering project that describes th"
232,10,84,30.483484268188477,1666.9151782989502,Provide two strategies for reducing student debt.,"
Create a plan for reducing your student debt.
### Response:
Two strategies for "
233,20,47,26.396512985229492,926.4938831329346,"Describe the flavor profile (sweetness, tartness, etc.) of a banana.","
A banana has a sweet, slightly tropical flavor with a subtle, creamy texture. I"
234,23,49,25.548458099365234,969.3155288696289,"Optimize this query for maximum recall:
SELECT * FROM  table WHERE column1 = ""va","AND column2 = ""value2"";

SELECT * FROM table WHERE (column1 = ""value1"" OR column"
235,13,65,31.855344772338867,1288.0358695983887,Develop a strategy for improving user engagement with an online product.,"
Generate a plan for increasing engagement.
Step 1: Identify engagement metrics."
236,11,27,29.974699020385742,532.2310924530029,Describe the visible spectrum of light in one sentence.,The visible spectrum of light is the range of colors that can be seen by the hum
237,22,128,24.930477142333984,2552.461862564087,Write a survey question to investigate the attitudes of people towards a certain,"in the workplace:
How important do you think it is for employers to promote gend"
238,16,4,31.109094619750977,62.83116340637207,"Classify this photo as either a landscape or portrait
[Insert photo]","
Landscape"
239,16,20,30.999183654785156,381.7121982574463,Generate a question that someone could ask a new person they have just met.,"
I'd like to know more about you. What do you do for a living?"
240,22,11,24.876832962036133,202.1639347076416,"Identify the language of the text ""Buonasera, il mio nome e Giuseppe.""","
Giuseppe's language is Italian."
241,16,65,31.0971736907959,1281.3000679016113,Formulate a query to find all the documents containing the term public health.,"
Display the results in descending order by the number of times the term appears"
242,10,19,31.677961349487305,366.5652275085449,Multiply 5 and 6.,"
In this simple multiplication problem, 5 times 6 equals 30."
243,14,46,32.62948989868164,907.4313640594482,Make a list of ten items one could find in a kitchen.,"
Name ten items one could find in a garage.
Make a list of ten items in a living"
244,9,128,31.530141830444336,2553.154230117798,Generate a recipe that involves apples.,"
My recipe is Apple Pie with a Cinnamon Crumb Topping. The apple filling is made"
245,33,16,26.636123657226562,314.81242179870605,"Generate a creative headline associated with the given news article
After a long","
The US Supreme Court Strikes Down Voting Law Discrimination"
246,109,41,26.790857315063477,804.6269416809082,"Guide the robot using the following grid.
Grid:

╔═══╦═══╦═══╗
║ X ║   ║   ║
╠══","

Commands:
- X: Move forward
- Y: Turn right

Input:
X X Y

Output:
The robot w"
247,22,14,24.341583251953125,263.9591693878174,"Construct a sentence with the words ""seize"", ""opportunity"", and ""enjoyment"".","
I seized the opportunity to enjoy life to the fullest."
248,8,43,31.51416778564453,861.4695072174072,Produce an analogy for success,".

Success is like a marathon runner who keeps their eyes on the finish line, ev"
249,18,128,24.73139762878418,2579.3509483337402,Generate two arguments debating whether or not a country should ban single-use p,"
Name the two sides and provide three points for each.

Side 1: Ban Single-Use P"
250,13,19,32.747507095336914,364.63022232055664,Give an example of an animal that is not endangered,".
The domestic cat is an example of an animal that is not endangered."
251,13,128,32.35006332397461,2559.2265129089355,Please provide a detailed argument for or against the death penalty.,"

The death penalty is a contentious issue that has been debated for centuries. "
252,97,40,26.39317512512207,782.5722694396973,"Given a set of data, generate a report highlighting the key findings.
The compan",The key findings from the survey are that the majority of customers are satisfie
253,50,22,25.12335777282715,431.89430236816406,"Add a sentence that transitions between the two paragraphs smoothly.
Paragraph 1","

Transition Sentence: As the stress levels at work increased, her energy levels"
254,13,88,31.417369842529297,1750.7836818695068,How did Ancient Egyptians build the pyramids?,"
Explanation:

The ancient Egyptians built the pyramids using manpower and simpl"
255,26,28,25.837182998657227,547.4977493286133,"Given a natural language question, generate an appropriate response.
What is the","
I would recommend instrumental or ambient music to listen to while studying. It"
256,11,128,29.30164337158203,2556.80775642395,What is a virtual private network (VPN)?,"
A Virtual Private Network (VPN) is a secure, encrypted connection that allows u"
257,24,79,26.232242584228516,1572.4897384643555,Write a short story of 100 words or less that includes a character who has encou,"
Explorer Seth Greyson arrived at the far-off isle of Sindria. The lush greenery"
258,20,8,24.650096893310547,144.58155632019043,"Rewrite the sentence and make the vocabulary more technical
The object is really","
The object is significantly large."
259,20,5,24.966955184936523,82.35812187194824,Is the following sentence true or false? All atoms of the same element have the ,"

True."
260,17,128,23.3004093170166,2576.263427734375,Create a short story about a person who finds out they can travel through time.,"
Classification: Science Fiction
Word Count: 897

John woke up to the sound of h"
261,11,25,29.145479202270508,481.8739891052246,"Name five technology related companies
< noinput >","
< output >
1. Apple
2. Google
3. Microsoft
4. Amazon
5. IBM"
262,18,5,25.36296844482422,81.19559288024902,"Given two words, name another word that is related to both.
Light, Blue",- Turquoise
263,18,32,23.962020874023438,641.3192749023438,"Are the following two words synonyms?
Jubilant and ecstatic","
### Response:
Yes, jubilant and ecstatic are synonyms. Both words refer to a st"
264,17,16,25.94614028930664,303.5557270050049,"Come up with one way to use the following material:
Cotton fabric","

One way to use the cotton fabric is to make a dress."
265,10,128,30.510902404785156,2590.731620788574,Tell me a few benefits of eating vegetables.,"

Eating vegetables can provide a number of health benefits, such as:

1. Improv"
266,16,37,31.819581985473633,739.2127513885498,Create a thesis statement for a research paper about the benefits of reading boo,"
A thesis statement for a research paper about the benefits of reading books cou"
267,23,9,24.759531021118164,162.0638370513916,"Rewrite the given sentence to use a modal auxiliary verb.
I must eat healthier f","
I should eat healthier food."
268,15,9,31.147241592407227,166.2135124206543,Create a close-ended prompt for a chatbot about sports news.,"
What is the latest sports news?"
269,12,105,29.33216094970703,2128.7004947662354,What are the downsides of getting a tattoo?,"
Risks associated with getting a tattoo include infection, allergic reactions, a"
270,10,71,30.736923217773438,1446.4504718780518,Give 4 strategies to promote customer loyalty.,"
Generate 4 strategies to promote customer loyalty.
1. Create a loyalty program "
271,10,86,31.01348876953125,1743.6649799346924,Name three benefits of being bilingual.,"
Rosetta Stone
Being bilingual offers a number of advantages. First, it can help"
272,12,124,30.285120010375977,2500.288486480713,Describe a time when you have feared for your life.,"
Name: John Smith
Age: 28

I was hiking in the mountains with a friend, when sud"
273,28,6,24.301767349243164,103.67822647094727,"Given two strings, determine the largest palindromic substring
String 1: madam
S","
Output: abba"
274,55,61,24.499893188476562,1229.020357131958,Identify the controversy in the following passage and explain why it's controver,"
The controversy in the passage is the proposed need for reform of the president"
275,46,121,24.081945419311523,2459.644317626953,"Analyze and compare the following two paintings.
Painting 1: Monet’s “Water Lili","
Both of these paintings depict scenes of leisure, with “Water Lilies” focusing "
276,55,100,27.344942092895508,1999.4027614593506,"Reverse engineer the following code and explain the logic of it.
def find_smalle","

def isDivisible(n, m):
    return n % m == 0

The code finds the smallest mult"
277,9,128,30.70521354675293,2589.040517807007,Automatically generate a random PIN code,"
Generate a random 4 digit PIN code.

A 4 digit PIN code is a unique number used"
278,28,14,25.176286697387695,266.1445140838623,"Name the type of poem that the given words are used in.
Words: Roses are red, vi",".
Type of Poem: Rhyming Poem."
279,13,115,32.06443786621094,2370.074987411499,Describe how the role of history in today's world.,"
Suggested Response:
History is a critical part of today's world. It helps us to"
280,13,20,31.79192543029785,400.80785751342773,"Generate a proverb starting with ""Beauty is...""","
Roughly, the proverb will be ""Beauty is only skin deep."""
281,9,128,31.854867935180664,2601.1810302734375,What is a Black Swan event?,"
A Black Swan event is an unforeseeable event that has a large impact on society"
282,12,33,29.72126007080078,647.916316986084,List three safety measures for driving in icy conditions.,"
1. Slow down and increase following distance.
2. Remove snow from vehicle and w"
283,22,19,26.342391967773438,368.5948848724365,"Following the input, generate a mathematical equation that describes a linear re",": y = mx + b
where m = slope and b = y-intercept"
284,18,128,24.30105209350586,2559.3819618225098,Explain why democracy is more suitable for running a country than a dictatorship,"
A democratic system of government is more suitable for running a country than a"
285,15,128,31.520366668701172,2609.1580390930176,Write a story about a fisherman who lived in a small village.,"
Create a character description for the fisherman.
### Response:
The fisherman w"
286,17,18,25.735139846801758,353.17134857177734,"Convert this quantity into its equivalent in liters.
42 ounces","
The equivalent quantity in liters is 11.36 liters."
287,12,128,30.609846115112305,2600.56209564209,Generate an example of a well-written blog post.,"

The blog post should be about a topic of interest, such as personal finance, t"
288,30,83,27.16851234436035,1678.9228916168213,"Explain the relationship between the nouns and pronouns in the sentence ""Jennife","
Name the nouns in the sentence: Jennifer, recipe, Tom
Name the pronouns in the "
289,32,8,27.458667755126953,144.24514770507812,"Identify the type of the following sentence, whether it is a question, exclamati","
I had a great time."
290,13,116,31.56137466430664,2331.8300247192383,Describe a process for troubleshooting a computer issue.,"
Edit: This process should be concise and easily understood by non-technical use"
291,8,73,31.261205673217773,1451.1713981628418,Name 3 properties of water.,"
Name three properties of water.
1. Water is an excellent solvent due to its pol"
292,22,128,25.908231735229492,2562.4947547912598,Explain the significance of the Battle of Tsushima in the Russo-Japanese war.,"
The Battle of Tsushima was a major naval battle during the Russo-Japanese War o"
293,53,24,25.600671768188477,466.3357734680176,"Summarize the article about the prediction of political elections.
In this artic",The model was able to accurately predict the winner of elections in several coun
294,20,113,25.166749954223633,2265.1472091674805,Come up with five questions about the BP oil spill for a trivia game.,"
What are the five questions about the BP oil spill for a trivia game?
1. In whi"
295,18,18,26.422500610351562,344.35009956359863,Generate a headline for a news story about the recent changes in the art world.,"
Headline: ""Revolutionary Changes Sweep Through the Art World"""
296,10,128,30.721426010131836,2562.211036682129,Write one way to save energy at home.,"
Turn off the lights when you leave a room.

Write another way to save energy at"
297,12,13,30.478477478027344,246.40750885009766,Write a slide title for a presentation about online learning.,"
Rethinking Education: The Benefits of Online Learning"
298,20,20,25.146007537841797,393.6612606048584,"Apply a sentiment analysis to the following phrase.
""I am extremely happy about ","
The sentiment analysis of the phrase ""I am extremely happy about the news"" is p"
299,28,50,25.361299514770508,1012.1850967407227,"Rewrite the given passage using new vocabulary words.
The ship shifted and swaye","The captain stood at the helm, clutching the wheel with white knuckles.
The vess"
300,20,128,26.299715042114258,2625.5555152893066,"Can you suggest dishes based on the ingredients given?
chicken, peppers, garlic","

I suggest making a roasted chicken and vegetable tray with a garlic herb rub. "
301,33,128,24.291276931762695,2594.4550037384033,"Indicate how the following characters in the novel reflect the theme of ""the cor","
Gregoire is a miner who rises to power in the mining community after the miners"
302,10,62,30.634641647338867,1266.1681175231934,Tell the similarities between plants and animals.,"
Rather than providing a direct answer, I will provide two sentences that highli"
303,11,8,30.365467071533203,145.3547477722168,Name one example of a non-human primate,".
Chimpanzee"
304,9,17,30.67946434020996,335.8650207519531,Generate a sentence for greeting a customer,".
Greeting: ""Welcome! How can I help you today?"""
305,10,128,30.84564208984375,2619.5225715637207,How to make spicy buffalo sauce?,"
Gather the following ingredients: 1/2 cup unsalted butter, 1/2 cup hot sauce, 2"
306,34,7,24.436235427856445,138.566255569458,"Given the data below, predict the output.
x = 5
y = 3
z = 2

Result = x + y * z","

Output: 9"
307,17,128,26.16739273071289,2602.416515350342,"Write an original story involving two frogs, a cat, and a bear.","
Setup:
Two frogs, Fergus and Frieda, have been best friends since they were tad"
308,53,15,27.965545654296875,292.1574115753174,"Given a list of values, calculate the mean.

Input: 82, 23, 55, 64, 71
82, 23, 5","

Output: 54.2
54.2"
309,20,21,25.38895606994629,411.6640090942383,"Suppose you heard some news about a pandemic, how would you express the concern ","

I am deeply concerned about the spreading pandemic and the impact it may have "
310,17,14,26.470184326171875,263.11779022216797,"Take the existing sentence and rephrase it
We should avoid sugary snacks",".
We need to steer clear of sugary treats."
311,25,39,25.655746459960938,782.0448875427246,"Improve the following document per style and readability guidelines.
the newspap",", so read the whole paper and you will learn much.
The revised document should r"
312,14,88,31.971454620361328,1771.3701725006104,How would you search for a paper in a scholarly database?,"
When searching for a paper in a scholarly database, I would start by entering r"
313,16,87,32.29999542236328,1732.358455657959,Refute the following claim: Fruits are not healthy snacks.,"
Explanation:
Fruits are a great source of vitamins, minerals, fiber, and antiox"
314,30,44,23.889541625976562,875.0791549682617,"Given an array of integers, find the lowest value
[19, 8, 6, -3, 11]","

19, 8, 6, -3, 11
sorted: -3, 6, 8, 11, 19
lowest: -3"
315,28,128,25.707483291625977,2562.289237976074,"Given a set of ingredients, come up with a recipe that produces a tasty treat.
F",":
Start with pre-heating the oven to 350 degrees. Grease and flour a 9-inch roun"
316,10,78,30.99966049194336,1589.8540019989014,Propose a strategy to solve global poverty.,"
Name three countries with the highest rates of poverty.
Identify a major cause "
317,17,128,28.43165397644043,2610.764741897583,Compare and contrast the differences between supervised and unsupervised machine,"
Explain the concept of transfer learning.
Define the term ""machine learning"".
E"
318,30,2,25.299549102783203,20.86663246154785,"Edit the following sentence: ""I am feeling happy and excited to start this journ",
319,15,105,31.18133544921875,2130.2874088287354,Summarize the Rome Statute of the International Criminal Court.,"
The Rome Statute of the International Criminal Court is an international treaty"
320,44,29,27.231693267822266,572.840690612793,Add a sentence to the end of the given paragraph to bring clarity to the argumen,".
Hence, it is important for us to take regular breaks while studying or working"
321,23,24,25.025367736816406,477.358341217041,"Categorize the list into three categories.
Carrots, oranges, apples, spinach","
Category 1: Vegetables
Category 2: Fruits
Category 3: Greens"
322,14,112,32.25851058959961,2230.309247970581,What is the relationship between an insurer and an insured?,"
An insured is a policyholder who purchases insurance coverage from an insurer. "
323,11,128,29.363632202148438,2576.6043663024902,What are the main advantages of learning to code?,"
Coding is an increasingly important skill in the modern world, and there are ma"
324,18,23,23.68950843811035,446.6254711151123,"Generate a wish for someone's birthday.
Recipient: My Best Friend","
Wish: May your special day be filled with joy, laughter and all the blessings y"
325,30,6,25.54917335510254,103.18613052368164,"Generate the output given the program code.
num1 = 2
num2 = 4
print(num1 + num2)","
Output:
6"
326,27,32,24.65677261352539,626.9371509552002,"Sort the following song titles in chronological order.
Let it Be, Hey Jude, Comi","
The song titles in chronological order are: “Paperback Writer”, “Hey Jude”, “Le"
327,25,64,27.096986770629883,1297.2538471221924,"Determine the banking details of the New York branch.
Bank Name: Bank of America","City Branch
Address: 1 Bryant Park, New York, NY 10036
Phone Number: (212) 789-4"
328,45,37,24.985074996948242,746.5505599975586,"How does the protagonist feel towards the end of the book?
Josh has been struggl","By the end of the book, Josh has finally come to terms with his new identity. He"
329,10,123,31.93211555480957,2495.7456588745117,Please generate an extended metaphor for knowledge.,"
My extended metaphor for knowledge is that it is like a garden: knowledge must "
330,55,101,24.773836135864258,2057.8036308288574,"Identify the mistakes (if any) in the library management system design below.
Th","
### Response:
The design is missing some important components for a Library Man"
331,25,9,26.06058120727539,165.6179428100586,"Paraphrase the following sentence in 5 words or less.
I am preparing for my upco","
Preparing for exams."
332,22,7,26.049137115478516,124.38249588012695,"Rewrite the following sentences to make them active voice.
The project has been ","
I completed the project."
333,24,24,27.188539505004883,459.28001403808594,"Use the following vocabulary words to create a sentence: “transparency”, “struct","
Transparency, structure, and innovation are three concepts that should be incor"
334,52,26,24.838924407958984,518.510103225708,Compare the two shipping methods below and provide which one should be used in a,"
If the customer is willing to wait for their order and wants to save money, Shi"
335,31,18,24.327516555786133,339.8444652557373,"Given a sentence, reduce the length of the sentence using proper grammar.
She we","

She went to the store, a place she had never been to before."
336,18,17,25.201082229614258,319.0739154815674,"What is the result of 17*14, expressed as a decimal?","
The result of 17*14 is 238."
337,27,11,25.53081512451172,206.47835731506348,"Given two numerical values, calculate the percentage increase.
Original value: 2","
Percentage Increase: 50%"
338,17,87,24.641752243041992,1721.1196422576904,Write code to display all the prime numbers from 1 to 100,".

def is\_prime(n):
if n == 1:
return False
for i in range(2, n):
if n % i == 0"
339,14,88,32.33957290649414,1754.5368671417236,Convert 30 kilometers per hour to meters per second.,"
Explain the conversion factor used.
The conversion factor used is 1/3600, as th"
340,9,57,31.214237213134766,1155.3666591644287,Provide a scientific definition of entropy.,"
In thermodynamics, entropy is a measure of the randomness of a system and its a"
341,27,32,24.41573143005371,625.0901222229004,"Classify the following text as a news article, review, or opinion.
This new rest","The food was delicious, and the staff were friendly and attentive to all custome"
342,11,68,30.398845672607422,1350.6066799163818,What is the ideal length of a blog post?,"

The ideal length of a blog post depends on the topic and the audience. Some bl"
343,9,128,31.342029571533203,2566.9867992401123,Create a story about a parrot.,"
Gus was a bright green parrot who loved to sing. He lived in a large cage in th"
344,22,128,26.410818099975586,2580.9004306793213,Generate an example of a data set with 100 records of customers and their corres,"
Robert:
Output:
{
""data"": [
    {
        ""customer_id"": 1,
        ""occupation"
345,13,22,31.549692153930664,438.03906440734863,Give an example of an event that could represent a new beginning,".

An example of an event that could represent a new beginning would be a gradua"
346,18,128,28.133392333984375,2617.272138595581,"Construct a survey that meets the given criterion.
Survey about online shopping","habits

1. How often do you shop online?
a. Never
b. Rarely
c. Occasionally
d. F"
347,32,16,24.886369705200195,320.80769538879395,"Summarize the sentence in two sentences, each containing fewer than 7 words.
The","
The plot was engaging, but the numerous plot twists were overwhelming."
348,19,18,25.91562271118164,349.86376762390137,"Identify the sentence structure and output the appropriate label.
He answered th","
Label: declarative
The questions were answered quickly.
Label: declarative"
349,17,19,25.117158889770508,377.5336742401123,"Generate a sentence that contains the given words.
magic, castle, king","
The king of the magic castle cast a spell that mesmerized the whole kingdom."
350,39,66,25.502681732177734,1337.8210067749023,"Re-arrange the following sentences to make a complete, cohesive paragraph.
The f","Suddenly, the door to the car opened. A man stepped out, he was tall and wore a "
351,12,51,29.83260154724121,1027.4863243103027,Convert 10kgs to ounces.,"
Exchange Rate: 1 kg = 35.274 ounces
So, 10kgs = 10 * 35.274 = 352.74 ounces"
352,98,46,26.325225830078125,923.0940341949463,"Output a summary of the paragraph.
Powerful and yet surprisingly easy to use, cl","
Summary: Cloud computing is a revolutionary technology that enables businesses "
353,10,50,30.646800994873047,1000.5571842193604,Create a metaphor that illustrates grief.,"
Grief is like a wildflower in the snow. It is beautiful but delicate, and it is"
354,19,122,25.110244750976562,2447.2928047180176,"Compress a web page content
The webpage content includes text, images and videos","
Step 1: Identify the parts of the webpage content that can be compressed (text,"
355,14,12,32.529592514038086,222.8386402130127,Identify three prime numbers between 1 and 10.,"
R: 2, 3, 5"
356,18,26,24.713754653930664,506.8202018737793,"Convert the following Euro amount to US Dollar
126.99 Euro","
The US Dollar equivalent to 126.99 Euro is approximately $145.47."
357,19,66,25.313854217529297,1302.9348850250244,"Create a list of six strategies to promote a given social cause.
Ending world hu","
1. Increase donations for food aid programs.
2. Advocate for sustainable agricu"
358,27,128,25.346040725708008,2564.018964767456,"Create a timeline that shows the key events of the given history.
The history of","
1776: Women are denied the right to vote in the United States.
1792: Women in N"
359,13,48,31.88943862915039,943.8118934631348,Generate a table of the first five powers of 2.,"
Table:

Power  |  2^n
--------|-----------
0       |       1
1       |       2
"
360,15,91,32.176971435546875,1846.667766571045,Calculate the probability of getting two heads in four coin tosses.,"
Calculate the probability of getting two heads in four coin tosses.
The probabi"
361,25,76,25.60710906982422,1544.2228317260742,"Calculate the area of a triangle with side lengths of 3 cm, 4 cm, and 5 cm.","
Calculation:
The semi-perimeter of the triangle is (3+4+5)=12 cm.
The area of t"
362,30,90,26.193618774414062,1830.5978775024414,"Given a description of the symptom, suggest the best way to manage it.
I am feel","
Best way to manage it:
Get plenty of sleep, eat nutritious meals, and engage in"
363,8,67,30.716419219970703,1363.760232925415,Create a pizza topping combination.,"
The pizza topping combination should be unique, tasty and satisfying. Try a com"
364,16,128,31.170368194580078,2596.428155899048,Generate a list of appropriate safety precautions to take while sailing.,"
Name three types of sailboats
1. Precautions to take while sailing:
- Ensure al"
365,11,90,29.086828231811523,1836.263656616211,List 3 advantages of using machine learning models.,"
A. Automation and scalability: Machine learning models can be used to automate "
366,12,62,29.70123291015625,1265.3968334197998,Write a short story featuring an enchanted sword.,"
What happened to the enchanted sword?
The enchanted sword was passed down throu"
367,10,75,31.48484230041504,1519.4566249847412,Create a web page to display a portfolio.,"
Explain the components of the page.
Describe how to design a portfolio page for"
368,11,128,29.366731643676758,2601.4678478240967,Construct an argument against the commercialization of sports.,"
Being a spectator sport, the commercialization of sports has become commonplace"
369,19,12,25.720596313476562,221.8921184539795,Generate a plausible title for a movie starring a character named Arjun.,"
Race Against Time: The Arjun Story"
370,12,27,29.486417770385742,529.8290252685547,How can I stay calm when I am feeling overwhelmed?,"
Exercise, meditation, deep breathing and talking to a trusted friend or family "
371,13,128,31.57782554626465,2565.8726692199707,Name the peak that has the greatest elevation in the world,"?
Name the peak that has the greatest elevation in the world?
Mount Everest.

Wh"
372,25,11,24.819135665893555,201.17759704589844,"Create a headline that conveys the meaning of this sentence.
The government has ","
The Government Bumps Up Minimum Wage"
373,29,42,23.178815841674805,851.3844013214111,"Group the following countries into EU (European Union) and non-EU countries.
Ger",", Italy, United Kingdom, Spain, Greece
### Response:
EU countries: Germany, Fran"
374,14,12,31.355857849121094,227.3578643798828,Come up with three adjectives to describe the color red.,"
Flamboyant, fiery, bold."
375,13,44,31.869173049926758,879.833459854126,Generate a list of three ideas to keep the house clean.,"
1. Develop a cleaning schedule to break up the tasks.
2. Create a checklist to "
376,9,128,30.45487403869629,2631.1802864074707,Name four key components of a computer.,"
Name four key components of a computer.
1. Motherboard: The motherboard is the "
377,20,27,24.309158325195312,549.210786819458,"Can you make a word cloud out of these three words: art, beauty, and imagination","
Additional information:
Word clouds are a great way to visualize the most frequ"
378,14,65,32.04178810119629,1313.4074211120605,Generate a report summarizing the sales performance in the past quarter.,"Include the total number of units sold, the average price per unit, and the tota"
379,12,61,29.520273208618164,1214.608907699585,"Classify the following healthy food item
Sushi","
Sushi can be a healthy food item, but it also depends on the ingredients. Gener"
380,11,111,29.517173767089844,2211.869716644287,"Generate a new Wikipedia article
The Tibetan Wolf",(Canis lupus chanco) is a subspecies of the gray wolf that is found in the Tibet
381,11,49,29.940366744995117,961.1375331878662,How can machines be used to reduce carbon emissions?,"

Machines can be used to reduce carbon emissions by automating processes that w"
382,24,16,25.033950805664062,304.80098724365234,"Generate a creative, on-brand headline for a blog post about how to save money o","
Raising the Bar: How to Save Big on Groceries"
383,38,45,24.68585968017578,894.0258026123047,"Given two sentences, rewrite them using the same ideas but different words.
She ","
It was a challenging task to rebuild the house. It was a daunting endeavour to "
384,42,15,23.371458053588867,284.1920852661133,"Given a sentence and a keyword, edit the sentence so that the keyword appears at","
The sentence is now: Democracy shows the importance of democracy."
385,16,10,31.383752822875977,184.2482089996338,"Turn this sentence into a tagline
We believe in the power of music","
I believe in the power of music."
386,14,40,31.6469669342041,778.0911922454834,Find an example of an organization working to provide aid to refugees.,"
Find an example of an organization working to provide aid to refugees.
The Inte"
387,14,38,32.51075744628906,743.6153888702393,Describe the biggest challenge you could face in a remote working environment.,"
The biggest challenge in a remote working environment is maintaining effective "
388,25,66,26.369571685791016,1342.477798461914,"Explain why the author is opposed to this plan.
The author proposed an alternati","They were opposed to the current plan because it was costly, inefficient, and di"
389,14,91,32.636165618896484,1833.894968032837,Find and describe a quick fix for a leaky faucet,".

A quick fix for a leaky faucet is to first turn off the water supply valves b"
390,7,81,30.865192413330078,1639.589786529541,Design a new fitness program.,"
Being a fitness instructor, I have developed a new fitness program called ""Fit "
391,13,43,32.45115280151367,875.2264976501465,Provide an example of how peer pressure can be negative.,"
When a group of friends decide to do something dangerous or risky that one of t"
392,24,25,25.343894958496094,490.04483222961426,Identify the mistakes in the following sentence and suggest how to correct them.,"and desserts.
I suggest correcting it to: This restaurant has the best pasta dis"
393,17,78,25.134801864624023,1594.7017669677734,"Explain the differences between synaptic plasticity, habituation and adaptation.",Synaptic plasticity is the ability of synapses to strengthen or weaken the conne
394,8,110,30.611753463745117,2230.4370403289795,Write five facts about pandas.,"

1. Pandas are native to the bamboo forests of central China.

2. They have a v"
395,24,53,26.096820831298828,1094.1188335418701,Please provide an example of how the following phrase can be used in a sentence:,"
The phrase ""once in a blue moon"" is used to describe a rare or infrequent event"
396,12,128,29.232025146484375,2593.3542251586914,Create a program to categorize animals into different groups.,"
Name at least five animals for each group.

Output:
Group 1:
- Tiger
- Elephant"
397,12,113,29.269695281982422,2294.9109077453613,Summarize the latest news about the stock market.,"
Summarize the latest news about the stock market.
- The U.S. stock market close"
398,18,27,24.2769718170166,528.9289951324463,"Rephrase the sentence using different words.
He was extremely attracted to her.","
He was highly drawn to her.
He had a strong pull towards her.
He felt an intens"
399,14,28,32.791852951049805,550.0917434692383,Provide an example of a third-person point of view.,"
Providing an example of a third-person point of view: She walked through the do"
400,14,97,31.473398208618164,1928.9612770080566,Describe the relationship between two characters from the novel you are reading.,"
Romeo and Juliet are star-crossed lovers in the play of the same name by Willia"
401,18,128,25.7112979888916,2555.6256771087646,Explain the differences between a Static Web page and a Dynamic Web page.,"
Name three advantages of using a Static Web page.
Explain what a Cascading Styl"
402,10,49,30.761241912841797,967.4062728881836,Name five web technologies used for web development.,"
Name five web technologies used for web development:
1. HTML (HyperText Markup "
403,14,67,32.35149383544922,1492.1553134918213,Write a few sentences describing how to make a cup of tea.,"

To make a cup of tea, bring water to a boil in a pot or teapot. Then add a tea"
404,13,24,32.80282020568848,456.9244384765625,Tell me what 'Schadenfreude' refers to.,"
Schadenfreude is the feeling of pleasure or satisfaction one gets from someone "
405,14,82,32.18221664428711,1642.7690982818604,What is the difference between a direct object and an indirect object?,"

A direct object is a noun or pronoun that receives the action of a verb. An in"
406,17,14,24.801254272460938,264.7671699523926,Rewrite this sentence in the future perfect tense: She has seen the movie,"five times.
She will have seen the movie five times."
407,9,37,30.862092971801758,719.6447849273682,List five objects found in a kitchen.,"

1. Pots and pans
2. Knives and forks
3. Dishes and glasses
4. Mixing bowls
5. "
408,12,103,29.293537139892578,2073.5411643981934,List the steps to remove a stain from a fabric.,"
Create a list of the steps to remove a stain from a fabric:
1. Identify the typ"
409,10,123,31.132221221923828,2470.872402191162,Find a creative way to promote a business.,"
Name: Twitter Contest
Description: Create a Twitter contest to increase engagem"
410,40,48,24.22499656677246,948.4560489654541,"Merge the two lists below into a list of tuples
list1 = [""apple"",""orange"",""banan","

result = list(zip(list1, list2))
print(result)

Output:
[('apple', 'red'), ('o"
411,16,31,31.185388565063477,600.4672050476074,"Return the XML tag for a given input sentence.
This is a heading","
<head>
This is a sentence
</head>
### Input:
This is a heading
### Response:
<h"
412,35,18,23.659229278564453,342.9896831512451,"Create a headline for the given story.
Story: After years of uncertainty, the en","
Headline: Endangered Pumas Spotted in Rising Numbers"
413,14,30,32.04989433288574,581.0167789459229,"What verb do you use with the word ""inevitable""?","
We use the verb ""to be"" with the word ""inevitable"". For example, ""It is inevita"
414,19,100,23.321866989135742,1992.6106929779053,"Generate a series of meaningful sentences using the given phrase.
""making my way","
1. Making my way downtown, I passed by the bustling marketplace.
2. As I made m"
415,18,67,24.273395538330078,1330.3983211517334,Construct a query to find an article about the economic benefits of renewable en,"
Select the correct database for the query.
Choose the correct search terms for "
416,17,33,25.290250778198242,666.4350032806396,"Identify the subject and make a descriptive sentence
A big brown bear","
The big brown bear was a magnificent creature, with thick furry fur, a long sno"
417,14,95,32.29570388793945,1879.8775672912598,Design a game where the goal is to find the missing item.,"
Create a game where the goal is to find the missing item. The game should have "
418,35,45,24.89304542541504,888.2124423980713,"Summarize the article in one sentence (less than 10 words).
The article discusse","

Provide a link to the article.
www.sciencedirect.com/science/article/pii/S2352"
419,44,57,23.71954917907715,1139.540672302246,"Categorize this article into one of the following categories: sports, entertainm","This year, the big game will be played on February 7th, 2021. The matchup will p"
420,18,128,24.723291397094727,2554.178237915039,Explain the core concepts of Machine Learning to an audiences consisting of a la,"
Robert: Hi everyone! Ever wondered how computers can learn by themselves withou"
421,7,105,31.99028968811035,2097.968816757202,Create a menu for breakfast.,"
Examples:
Breakfast Menu:
- Fruit salad with yoghurt
- Pancakes with maple syru"
422,12,17,29.987812042236328,332.6864242553711,Edit the sentence “She visits to the beach everyday”,"to make it grammatically correct.
She visits the beach every day."
423,13,128,31.066179275512695,2562.2732639312744,Create a shopping list for a weekend trip to the beach.,"
List:
1. Sunblock
2. Swimsuits
3. Flip flops
4. Beach towels
5. Snacks
6. Beach"
424,14,128,31.826019287109375,2563.732862472534,Generate code to add a background gradient to a rectangular block.,"
Add a background gradient to a rectangular block.

HTML:
```html
<div class=""re"
425,9,128,31.373023986816406,2631.760597229004,Summarize what Kaggle is,"in a few sentences.
Kaggle is a platform for data science competitions. It allow"
426,7,128,31.659364700317383,2578.6709785461426,Configure a wireless router.,"
Routers are essential for connecting multiple devices to the internet without h"
427,35,20,24.05524253845215,387.0525360107422,"Reorder the list of item according to the given criteria.
razor, toothbrush, sha","
Answer: toothbrush, razor, shampoo, moisturizer."
428,13,26,31.53204917907715,515.8443450927734,Create a script to remove all vowels from a string,".
Remove all vowels from a string.

Input: “apple”
Output: “ppl”"
429,10,128,31.759023666381836,2552.767753601074,List three facts about Thomas Edison.,"
Thomas Edison was an American inventor and businessman who developed numerous d"
430,18,32,24.60336685180664,630.3000450134277,"Generate a sentence using the words 'ceiling', 'window', 'frost'","
Ex: The frosty window let in a cold breeze from the ceiling fan.
The frosty win"
431,9,32,31.04090690612793,643.869161605835,Name five U.S. presidents,".
Name five U.S. Presidents: George Washington, Thomas Jefferson, Abraham Lincol"
432,15,50,32.04679489135742,990.6320571899414,Provide three examples of plants that are native to the United States.,"

1. Eastern White Pine (Pinus strobus)
2. Black-Eyed Susan (Rudbeckia hirta)
3."
433,20,128,25.663375854492188,2589.3709659576416,Explain the limitations of using GPT models compared to other types of natural l,GPT models are a type of deep learning model that can generate human-like text b
434,9,128,30.23386001586914,2578.026294708252,Design a poster for a social media campaign,"promoting the importance of recycling.
Explain how the design elements on the po"
435,11,22,30.529260635375977,426.0842800140381,Generate a joke about a doctor and a patient.,"
What do you call a doctor who treats patients with humor?
A Doctor-ari-an!"
436,24,14,25.963544845581055,276.58772468566895,"Take the following string and convert it to the corresponding integer: ""126"".
""1","should be converted to ""126"" as an integer."
437,18,43,26.724576950073242,862.511157989502,Provide a list of 5 items that you should always carry in your bag.,"
1. A pen and paper.
2. A portable charger.
3. A small first aid kit.
4. A set o"
438,22,123,25.404930114746094,2483.5493564605713,Generate a conversation in a natural language like a journalist interviewing an ,"
R: What are the most important factors to consider when developing artificial i"
439,41,4,27.463436126708984,68.48645210266113,"Classify what type of composition is presented in the given text.
This is a poem","
Poem"
440,92,95,25.44713020324707,1925.7075786590576,"Describe the overall purpose of the code snippet.
def quick_sort(arr): 
    if l","

Provide a brief description of what the code does.
This code sorts an array us"
441,10,30,30.885696411132812,589.3118381500244,Name three important figures in the American Revolution.,"
Name three important figures in the American Revolution.
Three important figure"
442,25,128,25.220394134521484,2619.290590286255,"What type of document is this?
This is a memo from a manager to his team, discus","
What is the main idea of the document?
The main idea is to inform the team abou"
443,15,80,31.315326690673828,1617.8843975067139,"Give a brief explanation about a given topic.
History of the internet","
The internet is a global network of computers that are connected to each other "
444,8,80,30.907154083251953,1637.1629238128662,Describe a memorable holiday you had.,"
I spent last Christmas in London with my family and it was fantastic. The night"
445,13,23,31.372785568237305,451.2200355529785,Suggest a good title for a document about resumes.,"
Create a title for a document about resumes.

Tips for Writing a Winning Resume"
446,9,90,31.603336334228516,1820.037603378296,Retrieve information about the Democratic party.,"
Cite a source for the information.
Output:
The Democratic Party is one of the t"
447,11,64,29.125452041625977,1281.1753749847412,What activities would you do to help the environment?,"
Deforestation, plastic pollution, and climate change are just a few of the envi"
448,23,79,25.786876678466797,1571.3093280792236,"Compose a 50-word story using the given sentence starter.
Once upon a time,","there was a little girl who...
Once upon a time, there was a little girl who lov"
449,12,55,30.08556365966797,1110.4755401611328,Name five civil rights activists of the twentieth century.,"
Name five civil rights activists of the twentieth century.
MARTIN LUTHER KING J"
450,21,37,25.628328323364258,721.3115692138672,"Arrange the following items in order from least to most expensive.
Car
Book
Dres","
The least expensive item is the book. The most expensive item is the car. The d"
451,14,59,32.24682807922363,1175.6365299224854,Evaluate how helping someone can make a difference in their life.,"
Help can make a profound difference in someone's life. It can provide emotional"
452,120,31,27.35161781311035,606.4958572387695,"Summarize the given text.
Output should be less than 80 words.
The iPad Pro has ","

The iPad Pro offers powerful features and accessories to help users multitask "
453,20,115,26.145458221435547,2327.857494354248,Research and explain how blockchain-based networks can be used to solve the doub,"
The double spending problem is the potential for a cryptocurrency user to spend"
454,20,45,25.22134780883789,922.7783679962158,"Summarize the book ""The Catcher in the Rye"" in one sentence.","
Summarized, ""The Catcher in the Rye"" is a coming-of-age story about teenager Ho"
455,11,48,30.092954635620117,977.1082401275635,Explain how to write a good thesis statement.,"
Write a good thesis statement which clearly states the main point or argument o"
456,17,11,26.74078941345215,205.96909523010254,"Rewrite this sentence in complex grammar.
Today is Wednesday.","
Today is the middle of the week."
457,44,128,26.937007904052734,2582.2675228118896,"Given a hypothetical scenario, come up with the most likely opinion of a person.","

An elderly person would likely feel anxious, frustrated, and isolated due to t"
458,19,12,29.228925704956055,228.20782661437988,"From the following sentence, extract the adverb.
She spoke kindly to him.","
The adverb in the sentence is kindly."
459,10,128,31.663179397583008,2581.707000732422,Write a story about an inspiring person.,"
Name: Kofi

Kofi was raised in a small village in Ghana. He was an ambitious ki"
460,10,11,31.635046005249023,209.41638946533203,Are there any continents larger than Africa?,"
There are no continents larger than Africa."
461,21,83,25.92921257019043,1688.744068145752,"State the differences between two given objects.
Object 1: Apple, Object 2: Oran","
Differences: Apples are usually red, yellow, or green in color, while oranges a"
462,13,128,31.342506408691406,2604.7847270965576,How does  AI help to optimize online shopping experiences?,"

AI helps to optimize online shopping experiences by providing personalized rec"
463,16,13,31.64052963256836,243.2563304901123,"Categorize the following items: dog, cat, apple, mouse.","
Classification: Animal, Animal, Fruit, Animal"
464,10,128,31.744718551635742,2614.854574203491,Generate a sentence about the future of transportation.,"
Generate a sentence about the importance of renewable energy.
Generate a senten"
465,29,22,25.789260864257812,439.434289932251,Analyze the given sentence and determine whether it is grammatically correct or ,"
No, the sentence is incorrect. The correct form should be ""He had to renew his "
466,23,8,25.29287338256836,142.25029945373535,"Re-write the following sentence using verbs in the past tense.
I have bought a n","
I bought a new car."
467,14,15,32.276153564453125,286.90075874328613,Name five different websites that offer online streaming of movies and shows.,"
Roku, Netflix, Amazon Prime, Hulu, YouTube."
468,13,128,31.324386596679688,2612.143039703369,Summarize the causes of WWI in three points.,"
Summarize the causes of WWI in three points.
1. Nationalism: The desire of each"
469,22,128,26.83258056640625,2583.2958221435547,"Create a poem about autumn using the words ""orange,"" ""leaves"" and ""cold.""","

Autumn's chill fills the air,
Orange leaves rustling cold.
The trees around us"
470,15,55,31.03923797607422,1131.8385601043701,Explain how artificial intelligence can be used to shape the future of marketing,. Artificial Intelligence (AI) can be used in marketing to automate routine task
471,100,128,26.78823471069336,2597.8801250457764,"Modify the following recipe to make it healthier.
Chocolate Chip Cookies
Ingredi","
Instructions:
1. Preheat oven to 350 degrees. 
2. Cream together butter, white "
472,38,63,23.64325523376465,1279.7558307647705,"Suggest a debugging strategy for identifying the bug in the following code.
def ","

say_hello()
Output:
Hello world!
Goodbye world

The output of the code is as e"
473,14,128,31.451702117919922,2603.938579559326,What are the common techniques for solving a system of linear equations?,"
A system of linear equations can be solved using several techniques, including "
474,12,128,29.57892417907715,2619.6866035461426,Write a description of what a human heart looks like.,"
Name three organs that are located near the human heart.
A human heart is a mus"
475,16,57,31.195878982543945,1150.7670879364014,Generate a list of five items an individual needs to make a snowman.,"
Name five items an individual needs to make a snowman.
1. Snowballs
2. Coal or "
476,17,69,27.047395706176758,1411.4758968353271,"Re-word the proverb, ""The early bird catches the worm""","to make it more accurate.
Cite the source.
The proverb should be re-worded to re"
477,53,21,27.034997940063477,419.1598892211914,"Given a table of data, determine if it follows the normal distribution.
Table:
S","
The given table does not follow a normal distribution, as it is skewed to the l"
478,14,76,32.13191032409668,1583.6918354034424,List 3 ways businesses can leverage AI to improve customer experience.,"
Improve customer service: AI can be used to understand customer intent from cus"
479,61,6,27.996063232421875,112.31565475463867,"How would you grade this writing?
Writing: The Apple iPhone XS Max is one of the","
Grade: A"
480,19,128,26.190757751464844,2601.649284362793,"Evaluate the following website using the criteria of accessibility, usability, a","
Accessibility: The website is not fully accessible, as it does not provide alte"
481,16,25,31.332969665527344,491.31107330322266,Convert the following octal number 560 to its binary form.,"
The binary form of octal number 560 is 101101000."
482,14,65,33.13398361206055,1336.9407653808594,Explain how having an international organization can help increase global commun,International organizations are an essential component of the global community. 
483,11,75,29.570817947387695,1504.7187805175781,"What is conditional probability?
No input required",".

Conditional probability is the probability of an event occurring given that a"
484,17,51,24.73926544189453,1028.6674499511719,"Generate a unique algorithm for sorting a list of numbers.
N/A","
The algorithm I came up with is to first sort the list in ascending order, then"
485,16,51,31.09455108642578,1034.8572731018066,"Group the given items according to common characteristics
apple, orange, banana","

Fruit

Group the given items according to their habitat
oak tree, palm tree, m"
486,18,6,24.300336837768555,102.38504409790039,"Replace all vowels in the word ""hello"" with underscores.","
H_llo"
487,41,16,26.17955207824707,310.8968734741211,"Calculate the area of a rhombus given two diagonals of the rhombus.
Diagonal 1: ","
Area of the rhombus: 108 square cm."
488,9,30,31.69417381286621,599.219560623169,Name two famous Asian celebrities.,"
Name two famous Asian celebrities.

Two famous Asian celebrities are Jackie Cha"
489,9,69,30.37881851196289,1393.1982517242432,Describe a mojito cocktail.,"
A mojito is made by muddling together fresh mint leaves, sugar and lime juice, "
490,14,116,31.52608871459961,2370.244264602661,Explain the process of depositing money into a checking account.,"
What is the process of depositing money into a checking account? The process of"
491,8,128,31.104564666748047,2606.593370437622,Find a massage therapist in DC.,"
Explore the benefits of massage and find a massage therapist near you.

Everyon"
492,19,17,24.420499801635742,332.4880599975586,"Select the most appropriate word from the list.
joyful, joyous, festive","
The most appropriate word for describing a celebratory atmosphere would be fest"
493,22,68,25.437116622924805,1375.2593994140625,"Create a Python function to classify books according to genre.
def classify_book","
    genre = """"
    if book.has_key(""genre""):
        genre = book[""genre""].lowe"
494,22,76,23.69070053100586,1527.42338180542,"Identify the most significant factor in a given situation.
The increasing cost o","
The most significant factor in this situation is the increasing cost of pharmac"
495,13,9,31.839370727539062,162.9495620727539,"Spell the following word in American English.
Realisation","
Correct Answer:
Realization"
496,14,128,32.57274627685547,2571.298360824585,Name two features that you should look for in a good laptop.,"
Ram and Storage
10. What type of battery life should you expect from a laptop?
"
497,67,13,24.2159366607666,244.01569366455078,"Describe the shape of this figure.
![alt-text](https://i.pinimg.com/originals/56","
This figure is an octagon, with eight sides."
498,14,97,32.30404853820801,1968.9319133758545,Explain why computers are better than humans for playing chess.,"
Placement of pieces, strategy development, and pattern recognition are all area"
499,19,128,25.88629722595215,2600.0101566314697,Compose a script for an advertisement aimed at helping people understand the imp,"
Robert: Hi, I'm Robert and I'm here to talk to you about the importance of exer"
500,9,37,31.63599967956543,734.5089912414551,Name a popular book in the fantasy genre,"
What is a popular book in the fantasy genre? A popular book in the fantasy genr"
501,37,18,31.156063079833984,357.05041885375977,Rewrite the following sentence by replacing the underlined word with a substitut,"

Recently he has been contributing large sums of money to the charity."
502,124,66,26.706695556640625,1324.4264125823975,"Update the information in the table with the new dataset.
+-------------------+
","
Update the table:
+-------------------+
| Country | Income |
+-----------------"
503,12,19,30.12847900390625,382.74359703063965,Output the scientific name of the common ostrich.,"
The scientific name of the common ostrich is Struthio camelus."
504,19,15,27.019262313842773,291.31412506103516,"Sort the given items in order of their weight.
Apple, Car, Pencil","
The sorted list would be: Pencil, Apple, Car."
505,20,15,25.954008102416992,290.7757759094238,"Generate a new movie title from the following words: Cat, Astronaut, Lighthouse",".
Purr-onaut at the Lighthouse."
506,32,29,24.526596069335938,599.4918346405029,"Provide a computer code snippet to sort an array.
[2, 6, 3, 7, 1, 4]","
### Response:
sorted_array = [2, 3, 1, 4, 6, 7]"
507,48,7,27.756929397583008,120.75519561767578,"Classify the following tweet as expressing a positive sentiment, a negative sent","
Positive Sentiment"
508,26,7,24.04022216796875,123.82650375366211,"Categorize the following statement as either a fact or opinion:
""Eating too much","
Answer:
Fact"
509,18,7,25.38466453552246,121.37913703918457,"Check if the given sentence is correct.
The tree is tall and strong over.","
The sentence is incorrect."
510,11,113,29.13355827331543,2292.388439178467,Generate a sample form template for collecting user feedback.,"
Name:
Email:
Subject:
Message:
Optional:
Name of Product/Service:
Rating (1-5):"
511,21,17,24.435758590698242,331.74610137939453,"Choose the most suitable word for the context.
They witnessed the _______ of the","
A. rise
B. set
C. fall
D. sink"
512,14,128,31.826257705688477,2596.4818000793457,Name any 5 spices that are commonly used in Indian cooking,"and explain their flavor profiles
Name the spices: Turmeric, Cumin, Coriander, C"
513,22,9,24.51348304748535,165.30895233154297,"Change the past tense in the following sentence to the present tense.
He was sle","
He sleeps in his bed."
514,12,36,30.254364013671875,720.9172248840332,Give three examples of a type of data visualization.,"
Give three examples of a type of data visualization.
Three examples of a type o"
515,20,73,25.50220489501953,1472.8827476501465,Create a CSS rule that changes the background color of a link when the mouse is ,"
Rewritten:
Create a CSS rule that changes the background color of an element wh"
516,78,21,24.145841598510742,420.1531410217285,"Add a transition sentence to connect the two paragraphs.
Paragraph 1: The develo","
Transition: As a result of this remarkable sharing of knowledge, our abilities "
517,11,128,29.926538467407227,2609.686851501465,Explain what are convolutional neural networks.,"
Convolutional Neural Networks (CNNs) are a class of neural networks used for im"
518,17,128,25.223731994628906,2563.3580684661865,Generate an essay of 500 words on the topic of machine learning.,"
Reverse Engineering Machine Learning

As the world becomes increasingly digitiz"
519,21,31,25.41971206665039,617.7592277526855,"Summarize the article: ""A survey of machine learning methods for rhetorical ques","
Explain the content in simple terms: This paper discusses different machine lea"
520,22,80,25.734901428222656,1607.6581478118896,"State a plausible hypothesis regarding the given topic.
The effects of natural d",".

Hypothesis: Natural disasters can have a detrimental effect on economic growt"
521,24,20,26.18718147277832,386.31725311279297,"Does the following sentence contain a run-on?
I walked to the park and I ordered","
No, the sentence does not contain a run-on. It is two separate sentences."
522,11,75,29.432296752929688,1490.2498722076416,Describe a method of converting solar energy into electricity,".
Photovoltaic cells are the most common method of converting solar energy into "
523,16,33,32.20367431640625,646.9295024871826,"Create a metaphor comparing the given concept.
Concept: Knowledge","
Metaphor: Knowledge is like a tree, with roots that ground us, branches that re"
524,22,128,24.49798583984375,2558.2032203674316,"Create a product description that highlights the features of the mobile phone.
P","
Description: The Samsung Galaxy S20 is the ultimate all-in-one device, combinin"
525,40,23,25.63333511352539,445.0385570526123,Here are two statements. Rewrite the second statement to show causal relationshi,"
As a result of Gary developing a new set of skills, he was able to manage proje"
526,36,39,24.070262908935547,761.099100112915,"Compose a tweet to share the article
https://www.bbc.co.uk/news/science-environm","

""New study reveals that plastic pollution is affecting the deep sea, even reac"
527,90,7,25.06232261657715,120.49674987792969,"Categorize the following article as science fiction or fantasy
The story follows","
Science fiction."
528,63,128,27.658462524414062,2580.709457397461,"Structure the following recipe into a cooking timeline:
Mix the flour, baking po",Grease a 9×5 inch loaf pan with butter and dust it with flour. Pour the batter i
529,104,120,26.663541793823242,2417.170763015747,"Create a coda for this song.
Verse 1:
I used to be so free, my soul untethered
B",", it's not what I seem
Verse 3:
A heart so fragile, it's a vessel of sorrow
It c"
530,31,5,24.877071380615234,82.69000053405762,"Given this sentence, predict the part of speech of the word “groomed”

He groome","

Verb"
531,9,102,30.452251434326172,2029.752254486084,Name three common methods of identity verification.,"
Name three common methods of identity verification:
1. Knowledge-based authenti"
532,19,12,26.5653133392334,223.92868995666504,"Calculate the following expression: 3x + 10
x = 4","
3x + 10 = 14"
533,25,12,26.982545852661133,223.4640121459961,"Add 3 more words to the following list to make it an antonym of 'large'.
Big, hu",", massive,
Short, small, petite."
534,16,13,32.295942306518555,243.2694435119629,Suggest an appropriate title for the book ‘The Great Gatsby’,"
Name: The Great Gatsby: An American Classic"
535,16,11,31.19039535522461,204.5271396636963,"Construct a comparative sentence from two given words.
Snow, Winter","
Snow is a typical part of winter."
536,13,48,32.19199180603027,961.2812995910645,Name 5 'symptoms' of a broken website,"
Name: 5 'Symptoms' of a Broken Website
Response:
1. Slow loading times
2. Error"
537,17,4,26.427030563354492,62.7291202545166,"Classify the following sentence in terms of sentiment.
This movie was terrible.","
Negative"
538,22,9,25.98094940185547,165.56906700134277,"Rewrite the following sentence without using the verb ""to be"".
This is my favori","
I like this song the most."
539,12,87,29.195070266723633,1752.6922225952148,Automatically generate a user account with a username and password,"of your choice.
Generate a temporary password for a user account.
Generate a ran"
540,20,10,23.80681037902832,184.18073654174805,"Create a rhetorical question to encourage discussion about the given topic.
Envi","
How can we create a sustainable future?"
541,25,38,25.656461715698242,756.8886280059814,Compose a tweet in less than 240 characters with the hashtag #AIinFinance.,"
Raise your financial game with #AIinFinance! Automated analytics and insights d"
542,7,128,31.095027923583984,2556.9822788238525,Make a pizza from scratch.,"
Make a pizza from scratch.

### Instruction:

Create a recipe to make a homemad"
543,10,128,31.508445739746094,2595.6547260284424,Compare and contrast militarism and imperialism,".
Explanation:

Militarism is the belief in the use of force or the readiness to"
544,23,21,25.3446102142334,418.42031478881836,"Correct the following sentence for proper grammar: ""The cat is drinking the milk","
The corrected sentence should be: ""The cat is drinking the milk and then going "
545,24,15,24.651288986206055,283.77437591552734,"In the following sentence, identify the grammar at work.
She liked the pretzels ","
The grammar at work in this sentence is possessive structure."
546,27,16,26.30305290222168,302.36077308654785,"Generate a mnemonic phrase or system to remember the given words.
Nuclear, elect","
No Electricity Causes Fossil Fuels To Lose Power"
547,13,80,31.533241271972656,1600.0237464904785,Make a list of different types of cryptocurrencies.,"
Name some popular ones.
Cryptocurrencies are digital or virtual currencies that"
548,18,23,26.734590530395508,449.0218162536621,"Change the given set of words into a complete sentence.
the growth of online sho","the decline in mall visits
The growth of online shopping has resulted in the dec"
549,23,66,24.1391658782959,1336.6765975952148,Name two dignitaries who said speeches at the 2020 United Nations General Assemb,"
Name two dignitaries who said speeches at the 2020 United Nations General Assem"
550,15,128,31.255245208740234,2609.9133491516113,"Cite three references for the given topic.
Online Shopping",":
1. Chaudhary, S., & Rao, N. (2015). Understanding Consumer Attitudes towards O"
551,67,87,25.339365005493164,1770.9801197052002,"Compare the themes of the following two poems.
Poem 1
""Heed my call, heed my war","

The theme of Poem 1 is resilience in the face of loss and the importance of st"
552,15,20,31.246423721313477,405.656099319458,Propose a creative use for a Rubik's Cube.,"
Create a time-lapse video of a Rubik's Cube being solved."
553,12,128,30.225276947021484,2590.3871059417725,Explain the term 'convolutional neural networks'.,"

Convolutional Neural Networks (CNNs) are a type of deep learning neural networ"
554,18,2,25.57516098022461,21.625757217407227,"Edit this sentence: ""The good movie was fantastic""
The good movie was fantastic",.
555,37,128,25.19822120666504,2597.304105758667,"Create a prototype design for a website given the following screenshots.
Screens","and a featured product section, Image 3 showing a product listing, Image 4 showi"
556,37,15,27.046918869018555,294.0816879272461,"Annotate this tweet as 'humorous', 'political', 'unsafe' or 'neutral'.
The presi","#MakeAmericaGreatAgain
### Response:
Political"
557,35,128,24.6579647064209,2620.443344116211,"Create a function which can compress a string of text.
String of text: ""This is ","
Output: ""This is a ra<randm> str<string>. It has no pur<purpose> other than to "
558,13,63,32.8214168548584,1278.5923480987549,Suggest a new kitchen ingredient for whipped cream.,"
Cognac. Whipped Cream Cognac is a decadent treat, flavored with a hint of the r"
559,12,128,30.00164031982422,2596.0047245025635,Identify five qualities of a good customer service rep.,"
Although there are many qualities of a good customer service rep, the following"
560,9,15,31.290769577026367,284.90161895751953,List 5 similar countries to India.,"
India, Brazil, Russia, China, and South Africa."
561,24,84,25.307416915893555,1702.9831409454346,"Give an example of a scenario where the following statement is true
Do not try t","

Scenario: John is starting a new business and has limited resources. He wants "
562,7,128,31.831741333007812,2610.715627670288,List 3 economic principles.,"
Provide a brief description of each principle:
1. Supply and demand: This princ"
563,7,128,30.554533004760742,2606.405735015869,Describe the traditional publishing process.,"
Summarize the elements of a successful book proposal.
What is an agent’s role i"
564,9,68,30.38787841796875,1370.9189891815186,Explain the purpose of an article review,".
An article review is a summary and analysis of an academic article. Its purpos"
565,19,128,25.757789611816406,2609.9443435668945,Write a list of actionable items that a sales team can use to increase their sal,"
Increase Sales Actionable Items for Sales Teams:
1. Create a sales plan and set"
566,10,88,31.58116340637207,1787.341594696045,Summarize the advantages of online learning.,"
Outline the benefits of online learning, such as flexibility, cost-effectivenes"
567,14,55,31.737327575683594,1125.5578994750977,Estimate the total cost of a flight from New York to California,"for four people.
Calculation:
- Flight ticket from New York to California for on"
568,34,89,24.0480899810791,1771.0039615631104,"Write a JavaScript program to remove all duplicated elements from an array.
[1, ","=> [1, 2, 3, 4]
```
let arr = [1, 2, 3, 2, 4, 3];
let uniqueArr = arr.filter((it"
569,14,117,31.12196922302246,2365.971803665161,What challenges can you expect when editing a long-form article?,"
Our team of editors regularly edit long-form articles and we have identified se"
570,22,53,25.71249008178711,1066.6732788085938,"Construct a mathematical expression that multiplies 3 and 6, then adds 4 to the ","
Sum 3 and 6, multiply the result by 4, and then add 4 to the result.
3 + 6 = 9
"
571,21,12,25.077342987060547,226.58824920654297,"Identify which type of sentence this is: ""See the light at the end of the tunnel","
Identify the type of sentence: Declarative"
572,8,126,30.79700469970703,2566.4446353912354,Describe the importance of renewable energy,"

Renewable Energy is increasingly important in today’s world as we strive to re"
573,8,66,30.147552490234375,1318.005084991455,Describe two benefits of going to college,".
Name two benefits of going to college:
1. Increased earning potential: College"
574,11,95,30.30109405517578,1898.3185291290283,Construct a logical argument for why recycling is important,".
Provide a logical argument for why recycling is important. Recycling is an imp"
575,16,31,32.088518142700195,606.4543724060059,"Explain the meaning of the phrase ""actions speak louder than words"".","
Actions speak louder than words means that it is more important to demonstrate "
576,17,122,24.570226669311523,2423.97141456604,Create a basic budget for someone who makes $3500 per month.,"
Make a list of 5 common mistakes people make when budgeting.
Create a budget fo"
577,31,5,25.40302276611328,82.8557014465332,"Identify the type of the given sentence. Output either declarative, interrogativ","
Declarative"
578,14,122,31.86202049255371,2450.380563735962,"Explain an extra-terrestrial mission
Noinput","
An extra-terrestrial mission is a journey or exploration of space carried out b"
579,16,9,32.19127655029297,163.1295680999756,"Generate an equivalent metaphor for ""make hay while the sun shines"".","
Name: Seize the day."
580,16,128,31.016826629638672,2554.5175075531006,Write a query to pull the last 5 products added to the table.,"
SELECT TOP 5 id, name, price
FROM Products
ORDER BY added_date DESC

Write a qu"
581,11,70,30.23076057434082,1398.4062671661377,What is a feasible solution for cost reduction?,"

A feasible solution for cost reduction is to identify areas in the business wh"
582,20,63,24.74045753479004,1252.7482509613037,"Suggest a way to make this workplace more efficient.
A medium-sized business off","
The workplace can be made more efficient by implementing a paperless system for"
583,13,128,31.586647033691406,2588.5207653045654,Find some information about the latest safety regulation for food delivery drive,".
Delivery drivers who work for food delivery platforms must comply with the fol"
584,57,80,24.758338928222656,1619.7655200958252,"Summarize the following text about online shopping.
Online shopping has become i","However, it also comes with its own set of risks such as fraud, identity theft, "
585,33,20,24.37758445739746,381.41608238220215,"To make the following two sentences an appropriate analogy, write a replacement ","
The correct analogy would be ""Bird : Song :: Poet : Verse""."
586,29,128,25.121450424194336,2547.1839904785156,"Given a sample of DNA sequence, predict the string of amino acids it encodes.
AT",TCATTGTAGTCAGCTGCCGCTGCCGCCCGGGTGCTGCCGCCGCTGCCGCCGCCCTACAATGGCGGGCTGCTGCCGCTGCC
587,17,128,24.349212646484375,2579.453468322754,Give a list of items that a person can take on a camping trip.,"
I'm glad to help you plan a camping trip. Here is a list of items you should br"
588,10,113,30.483245849609375,2316.1025047302246,Describe the culture of the Aztec civilization,".
The Aztec civilization was a Mesoamerican culture that dominated much of centr"
589,12,49,29.740095138549805,988.7454509735107,Share the scientific definition of the term “gravity”.,"
Gravity is the force of attraction between objects with mass. It is the force t"
590,9,26,30.56788444519043,507.9684257507324,List four kinds of natural disasters.,"
Examples of natural disasters are earthquakes, hurricanes, tsunamis, and wildfi"
591,45,21,24.87039566040039,405.28082847595215,"Given a fact about artificial intelligence, create an article with a title that ","

Title: ""The Impact of Artificial Intelligence on Job Security in the Next Deca"
592,22,73,24.418115615844727,1480.3926944732666,"Serve a customer who is complaining about the quality of customer support
The su","We need to improve the response time.

I apologize for the inconvenience caused."
593,10,10,32.23299980163574,186.62023544311523,Please suggest two examples of animals that fly.,"
Example:
Eagle and Swallow"
594,15,3,31.985998153686523,39.90435600280762,"What is the correct spelling of this word ?
necesarry","
necessary"
595,21,11,26.471853256225586,201.83682441711426,"Given a sentence, transform it into a negative statement.
She has been running f","
She has not been running for ten minutes."
596,7,56,31.708717346191406,1105.1523685455322,Write an original haiku poem,".
Create a haiku poem about the beauty of autumn.

Autumn sunset fills the sky
O"
597,15,128,30.789852142333984,2568.495035171509,Explain how a Unix system can be protected from external threats.,"
Summarize the concepts of least privilege, data encryption, file system securit"
598,26,14,25.352954864501953,265.55728912353516,Arrange the words in the following sentence syntactically and semantically corre,"
The correct order should be: House Made of Representatives."
599,10,57,30.43222427368164,1145.8468437194824,Generate a palindrome of any length.,"
Reverse a given palindrome.
Check if a given string is a palindrome or not.
Gen"
600,33,123,26.61442756652832,2468.273401260376,Choose two animals which are typically not kept together in captivity and descri,": An unusual combination, but both animals require large amounts of space to liv"
601,10,128,30.98607063293457,2551.6045093536377,What are the different roles of a bank?,"
A bank operates in several different roles in order to provide a wide range of "
602,9,8,32.071590423583984,142.64559745788574,Name a common chess opening move.,"
Sicilian Defense."
603,15,36,31.096458435058594,723.8044738769531,List all the prime numbers from 15 to 25.,"
From 15 to 25, the prime numbers are 15, 17, 19, 23, and 25."
604,21,23,25.41661262512207,446.1784362792969,"Infer the meaning of the following example using standard rules:
The cat chased ","
The meaning of the example is that the cat was running in circles, trying to ca"
605,12,32,30.36189079284668,635.9810829162598,"Create a metaphor for ""mountain of tasks""","
Examples:
- A mountain of paperwork
- An Everest of errands
- A hill of homewor"
606,12,96,29.3729305267334,1920.1514720916748,"Explain why the given phenomenon happens.
Tides",are caused by the gravitational pull of the moon and sun on the Earth's oceans. 
607,24,101,24.29795265197754,2032.7515602111816,"Translate the following sentence into a formal dialogue between two people.
I sa","
User: I saw you at the supermarket yesterday.

Person 1: Did you?

User: Yes, I"
608,29,18,23.92268180847168,346.1446762084961,"Calculate the monthly mortgage payment on a loan of $250,000 with a fixed annual","

The monthly mortgage payment would be $1175.52."
609,19,88,25.223255157470703,1792.6232814788818,"Generate an imaginary story using the following keywords.
keywords: forest, drag","
Story:
In the heart of an ancient forest, a dragon lived. This magical creature"
610,23,11,24.566650390625,208.3139419555664,"Here is a list of words, construct a sentence using them.
strictly, necessary, a","
Strictly following the rules is necessary."
611,15,49,30.684471130371094,1004.2643547058105,What is the scientific term for the process of photosynthesis?,"
Photosynthesis is the process of converting light energy into chemical energy, "
612,22,11,26.648283004760742,205.93619346618652,"Rewrite the following sentence to create a negation.
It was clear that he was wr","
It was not clear that he was right."
613,12,124,30.20191192626953,2511.427640914917,Give three tips for writing clear and concise sentences.,"
Create a list of five words that start with the letter 'S'.
Provide two tips fo"
614,10,128,30.61079978942871,2628.3586025238037,Identify three benefits of working from home.,"
Explain each benefit in detail.

Working from home offers many benefits to both"
615,62,67,26.263952255249023,1352.4670600891113,"Rearrange the text to create an effective story
Once upon a time there was a str","So one day they decided to set a trap for it.

Sure enough, the creature fell fo"
616,21,46,26.40843391418457,918.1554317474365,"Generate an API call to get the weather data for a given city.
Chandigarh",", India.
curl https://api.openweathermap.org/data/2.5/weather?q=Chandigarh&appid"
617,9,128,31.79931640625,2603.6312580108643,Create a program to predict stock prices.,"
Predicting stock prices accurately is a difficult task. It involves understandi"
618,22,22,26.256561279296875,441.4172172546387,Find the name of the movie which was nominated for the most Academy Awards in 20,"
Classification: Text Classification
Input: 2019
Output: The Irishman"
619,16,14,31.478166580200195,267.5309181213379,"Give the result of the following multiplication.
25 x 8","
The result of the multiplication is 200."
620,14,25,31.703472137451172,493.1035041809082,Tell me one disadvantage of using technology in a classroom setting.,"
Excessive reliance on technology can lead to a lack of creativity and problem-s"
621,14,128,32.861948013305664,2624.8624324798584,Identify and describe three important features of a project planning tool.,"
Researchers use project planning tools to manage and organize tasks, resources,"
622,16,58,31.57639503479004,1166.7423248291016,"Design a unique product package.
Product: Reusable Grocery Bag","
Design: The package should be made of biodegradable materials and feature a bol"
623,15,128,31.103134155273438,2615.001678466797,"Categorize the given animal into its class.
Gorilla",": Class Mammalia
Platypus: Class Mammalia
Lion: Class Mammalia
Elephant: Class M"
624,15,113,30.303955078125,2292.065382003784,Propose the equation for the general solution to the quadratic equation.,"
Explain why the equation is correct.
The general solution to the quadratic equa"
625,12,42,29.36100959777832,846.1930751800537,Generate an analogy to explain the importance of exercise.,"
Exercise is like watering the garden. Consistent and regular exercise helps you"
626,13,117,32.616376876831055,2405.2982330322266,Identify and explain three key strategies to avoid burnout.,"

1. Prioritize Tasks: Break up large tasks into smaller, more manageable goals."
627,19,113,26.170969009399414,2297.2230911254883,Explain how two materials of the same mass will behave differently when exposed ,"
Two materials of the same mass will behave differently when exposed to cold tem"
628,24,68,25.76613426208496,1384.0408325195312,"Build a recommendation system to recommend new books to a user.
The user is look","

First, gather a dataset of books and their tags.

Then, create a matrix of co-"
629,21,40,24.79410171508789,810.1472854614258,"Output a list of tools needed for a craft.
The craft is a paper mache toy.","
The list of tools needed for a paper mache toy include: scissors, rulers, penci"
630,8,21,30.782461166381836,408.4658622741699,Find the molecular weight of water.,"
The molecular weight of water is 18.02 atomic mass units per molecule."
631,11,41,29.99591827392578,835.5865478515625,What is the main technique used in story writing?,"
The main technique used in story writing is to develop characters that readers "
632,49,24,24.94025230407715,470.20912170410156,"Present the following facts in a clear, organized way in a paragraph.
Facts:
- P","

PersonX, a self-taught programmer from India, is the founder of a successful s"
633,13,28,31.9061279296875,564.7611618041992,Find a quote that expresses a positive attitude towards life.,"
What is the quote?
The quote is: ""Believe you can and you're halfway there."" - "
634,24,11,26.362895965576172,215.12389183044434,"Rewrite the following sentence to make it more vibrant: Mary ate lunch.
Mary ate","
Mary gobbled up her lunch."
635,30,76,27.359485626220703,1562.060832977295,"Derive the Moore's law equation from the given data.
The number of transistors o",".

The equation for Moore's law is:
N = N0 \* 2^(t/2)
where N is the number of t"
636,24,11,27.625083923339844,202.49342918395996,"Delete a part of the sentence that does not fit the context.
He likes to run and","
He likes to run and paint his house."
637,10,128,30.84874153137207,2557.1813583374023,List out the steps to learn a new language,":1. Research the language: Learn about its history, pronunciation, and grammar r"
638,9,84,30.161619186401367,1676.422119140625,Design an invoice template using HTML.,"
Design an invoice template using HTML.

To design an invoice template using HTM"
639,24,18,24.54853057861328,341.26853942871094,Give appropriate input values to this equation: $y=2x^2 - 4x + 1$,"
Input:
x = 2
Output:
y = 10"
640,15,105,31.22234344482422,2079.24747467041,Create a historical analogy for the current COVID-19 pandemic.,"
The current COVID-19 pandemic is like the 1918 Spanish flu outbreak, but with t"
641,13,128,31.93974494934082,2573.775053024292,Suggest a few affordable healthy meal ideas for working parents.,"
Provide 4 meal ideas that are quick, easy, and affordable.
1. Quick and Easy Br"
642,14,128,31.537294387817383,2599.700689315796,"Create a report on the following topic.
Effects of air pollution","on the environment
Introduction:
Air pollution is an ever-growing global problem"
643,32,128,25.22873878479004,2621.971368789673,"Classify the type of habitat described below
A tropical rainforest is an area wi","It is characterized by a warm, humid climate and large trees, with complex struc"
644,13,128,31.42380714416504,2622.2352981567383,List three techniques for delivering customer feedback to a product team.,"
Provide a brief description of each technique.
1. In-person meeting: Have a fac"
645,12,60,29.614925384521484,1204.0698528289795,Find the lowest common ancestor of Apple and Orange.,"
Find the lowest common ancestor of Apple and Orange in the given tree?

The low"
646,18,81,24.769306182861328,1639.4538879394531,"Create a story ending the sentence.
The river wound its way through the forest,","
The river wound its way through the forest, eventually reaching a clearing wher"
647,22,13,24.13034439086914,256.12688064575195,"How would you categorize this sentence?
The clerk scanned the barcode on my book","
The sentence belongs to the category of transactional sentences."
648,43,13,23.97894859313965,245.65768241882324,Simplify the sentence so it conveys the same message while being shorter and eas,"
Check the water tank weekly due to bacterial growth."
649,10,97,30.553579330444336,1973.1249809265137,Give five tips for creating an effective landing page,".
Reword the question:
What are five strategies for creating an effective landin"
650,39,16,24.137258529663086,313.6143684387207,You are given two sentences. Rewrite the sentence in a way that preserves the or,"
I'm heading to the store. It's getting late."
651,20,100,24.794816970825195,2031.1787128448486,Design a hypothetical experiment to determine how long it takes to learn a new s,"

The experiment would involve selecting a new skill for an individual to learn,"
652,50,109,26.17168426513672,2203.4831047058105,"Suggest how to improve the execution of a program given the demo results.
The pr","

The program can be improved by increasing the resolution of the generated imag"
653,20,49,25.452375411987305,1005.1116943359375,Build an AI-driven chatbot to help users looking for a job find the right one.,"
The chatbot should be able to understand and respond to the user's needs, as we"
654,10,62,30.918598175048828,1265.4500007629395,Discuss the importance of data visualization.,"
Data visualization is an essential tool for analyzing and interpreting data. It"
655,14,49,31.40568733215332,990.8163547515869,Provide one advantage that digital media can offer to learners.,Digital media can offer learners the ability to access information and interact 
656,10,74,30.597448348999023,1493.1092262268066,Who wrote 'Harry Potter'?,"
J.K. Rowling
What is the second law of thermodynamics?
Entropy of a system must"
657,6,25,28.9766788482666,491.0387992858887,Generate a marketing slogan,"for a new product.
Slogan: ""New and Improved - the perfect choice for a better y"
658,29,86,26.40986442565918,1754.6677589416504,"Choose one item from the list and explain its significance.
The Mona Lisa, the T",– these are all iconic landmarks that are recognized around the world. But what 
659,52,70,24.866819381713867,1417.0761108398438,"Generate a resume given the candidate's achievement.
Achievement: 
- 2 years of ","
Resume:
- 2 years of work experience in the data analysis field 
- Led student "
660,13,128,32.689571380615234,2609.670877456665,Create a HTML webpage about the benefits of virtual reality.,"
Create a HTML webpage about the benefits of virtual reality that discusses the "
661,31,36,24.339675903320312,718.4607982635498,"Create an equation that models the given context
The total salary of an employee","
Let H be the total working hours, F be the fixed salary and O be the overtime p"
662,13,95,31.988143920898438,1920.9880828857422,Make a list of five possible solutions to conserve water.,"
Generate a list of five possible solutions to conserve water:

1. Installing lo"
663,23,86,25.61807632446289,1752.394437789917,"Given a politician's name, provide a detailed description of the politician's po",":
Donald Trump is an American businessman and the 45th President of the United S"
664,18,105,25.552988052368164,2121.915340423584,Write one paragraph summarizing the top three predictions of AI technology over ,"

In the next decade, AI technology is expected to make great strides in areas s"
665,31,75,24.37615394592285,1516.6542530059814,Categorize the following statement as true or false. Large data sets are often d,"
True.

Large data sets can be difficult to analyze due to their size and comple"
666,20,67,27.279138565063477,1366.6558265686035,Create a lesson plan to teach a 6th grader the basics of strategic planning.,"
The lesson should include an introduction to the concept of strategic planning,"
667,9,107,30.90071678161621,2173.448324203491,Identify the contributing factors of air pollution,"in the city.
Rajesh: The contributing factors of air pollution in the city are b"
668,16,22,31.15677833557129,435.4228973388672,What is the descriptive word for a person who is uncaring?,"
Ex: ""He was a ____ towards the less fortunate.""
Answer: Heartless."
669,23,10,24.423599243164062,192.8565502166748,"Replace pronouns with appropriate nouns in this sentence.
He had a bag with him.","
He had a suitcase with him."
670,16,128,31.820058822631836,2629.589557647705,Create an engaging blog post giving advice on how to prepare for job interviews.,"
Include tips such as researching the company, preparing answers to common inter"
671,24,128,24.695873260498047,2613.010883331299,"Create a blog post to explain why the given product is useful.
Product: Smartpho","

Smartphones have revolutionized the way we live our lives, and now they can al"
672,27,4,26.248455047607422,63.939809799194336,"Given a sentence and a word in the sentence, what is the correct part of speech?",: Verb
673,13,77,31.444549560546875,1564.7332668304443,Generate a sports-related use case for a chatbot.,"
Generate a use case for a chatbot to help customers with customer service inqui"
674,14,23,31.476259231567383,447.8588104248047,"Fix this sentence: ""I seen an amazing movie last night.""","
Fix the sentence: I seen an amazing movie last night.
I saw an amazing movie la"
675,32,51,26.62181854248047,1032.7427387237549,"Categorize this passage into its grammatical components
The sun shone brightly o","
Verb: shone
Direct Object: the sun
Indirect Object: the garden
Predicate: warmi"
676,17,37,24.98936653137207,743.2577610015869,Generate a list of five things an astronaut might take to the moon.,"
List:
1. A moon suit
2. A lunar rover
3. A sample storage container
4. A telesc"
677,18,41,28.082847595214844,825.2267837524414,"Complete the following sentence: ""Software engineering is important in the techn","
Software engineering is important in the technology industry because it provide"
678,15,98,31.763076782226562,1978.3568382263184,Make a rule to categorize documents depending on the information they contain.,"
Give an example of a rule that can be used to categorize documents.
Create a ru"
679,28,12,25.330305099487305,223.891019821167,"Come up with a creative name for a pet based on the given description.
The pet i","new places.
Ginger Curious Adventurer."
680,12,14,29.654264450073242,264.3013000488281,How many teaspoons equal 1 tablespoon?,There are 3 teaspoons in 1 tablespoon.
681,19,36,26.920795440673828,723.1502532958984,"Create 3 conversation topics for a business meeting with the given client.
An in","
1. Current market trends and investment strategies
2. Overview of the firm’s se"
682,11,128,29.911279678344727,2609.140396118164,How can we best protect ourselves from cyber threats?,"
Cyber threats can be mitigated through the use of antivirus software, secure ne"
683,19,64,25.58445930480957,1326.5390396118164,Create a regular expression to find all words with three consonants and one vowe,"in the middle:
Class: Regular Expression
Input: /(\w+)([aeiou])(\w+)(\w+)([aeiou"
684,31,16,25.989055633544922,313.2286071777344,"Write a function in Python that takes an array and prints the largest number
arr","
largest_number(array)
# Output: 10"
685,11,12,29.58393096923828,227.41055488586426,Generate a simile for the sound of thunder.,"
Rumbling thunder is like a lion roaring."
686,28,53,25.986909866333008,1072.807788848877,"Write an appropriate comment that supplies additional detail to the code
# get u","
print(""Hi "", name)
# provide additional detail
This code gets user input for th"
687,12,81,30.422687530517578,1652.8723239898682,"List the usage of the given tool
Google Colab","
- Training Machine Learning Models
- Natural Language Processing
- Computer Vis"
688,12,128,30.46870231628418,2592.9436683654785,Find out who the president of the United States is.,"Get the latest news, photos and videos about the President of the United States "
689,18,15,25.856494903564453,289.23773765563965,"Provide example input and output for the following task.
Task: Sum two numbers",".
Input: 2, 3
Output: 5"
690,17,14,25.949716567993164,270.9352970123291,"Come up with a unique feature to add to an existing product.
A bike",-mounted blender to make smoothies on the go.
691,37,20,24.71017837524414,385.33830642700195,"Rate the given article in the range of 1 to 5 in terms of content, grammar and r","is rated 4.5 out of 5 for content, grammar and readability."
692,13,65,32.50288963317871,1322.0274448394775,What type of comment should someone make when visiting a blog?,"
Regardless of the type of blog, someone visiting should aim to provide a though"
693,15,115,30.878305435180664,2338.4251594543457,Design a questionnaire to evaluate the customer satisfaction of an online store.,"
Name five components of a website that affect user experience.
What are three s"
694,21,36,24.837017059326172,715.6283855438232,Create a data table to show the number of books read by each student based on th,".
Explanation:
The data table should have columns for year, student name, and nu"
695,17,42,24.47056770324707,844.9664115905762,Come up with a sentence that talks about an advantage of using machine learning ,"
For example, ""Machine learning models are able to process large amounts of data"
696,33,124,24.713993072509766,2457.926034927368,"Given a set of numbers, list all possible three-step arithmetic operations.
Set:","
List of operations:
1. 3 + 5 = 8, 8 - 1 = 7, 7 + 4 = 11
2. 5 + 1 = 6, 6 - 3 = 3"
697,38,33,24.14417266845703,656.836986541748,"Add a creative twist to the following poem.
Roses are red, 
Violets are blue, 
S","

My creative twist:
Roses are red,
Violets are violet,
Candy is sweet,
And so a"
698,21,40,24.79410171508789,788.5358333587646,"Explain what could be the economical effects of the given event?
A hurricane in ",: The economical effects of a hurricane in Florida could include disrupted busin
699,20,6,25.23326873779297,107.83028602600098,"Read the input text and output the single noun
He received an acceptance letter ",".
The university."
700,10,34,32.038211822509766,687.1776580810547,Discuss two ways to help the environment.,"
Given Response:
Two ways to help the environment are to reduce, reuse, and recy"
701,12,55,30.51304817199707,1096.886396408081,Name five skills that are important for a software engineer.,"
 Name five skills important for a software engineer: 1. Problem-solving and cri"
702,16,128,30.645132064819336,2617.593765258789,Generate a story containing at least five sentences that involves the main chara,"
Severe storms had been pounding the small town for days, making it hard for any"
703,112,102,26.26490592956543,2076.9972801208496,"Summarize this short story.
Short Story:
Rob had always been a carefree soul, al","Then, one day, he gets an unexpected offer to take over the cafe and he realizes"
704,31,47,27.026653289794922,942.0206546783447,"Summarize the key findings of the study.
The study demonstrated that Artificial ",It was found that deep learning models could accurately identify Covid-19 with a
705,18,55,25.727510452270508,1110.2335453033447,Explain why the probability of a fair coin landing on heads is 0.5,".
A fair coin has two sides: heads and tails. Each side has an equal probability"
706,19,29,25.32672882080078,568.1393146514893,"Classify the speech act of ""I'm just checking if you are still alive""","
Explanation:
The speech act of “I’m just checking if you are still alive” is an"
707,15,7,31.245708465576172,128.5855770111084,"Insert an appropriate preposition in between these two words.
working hard","

Working hard."
708,25,34,24.002552032470703,675.182580947876,"Rewrite the following expression in a different but equivalent form.
4x + 5y - 6","= 0
-6z + 4x + 5y = 0
-6z - 5y + 4x = 0"
709,36,128,25.718212127685547,2605.6463718414307,"Analyze the effectiveness of the given advertisement.
The advertisement features",The man is making a facial expression that conveys excitement and enthusiasm. Th
710,51,26,26.752710342407227,528.7506580352783,"Select the sentence that best summarizes the output of the Python code below.
ar","
The sentence that best summarizes the output of the Python code is:

The origin"
711,15,128,31.384706497192383,2588.6294841766357,"Generate a story that starts with ""It all started with a whisper...""","
Summer had just begun and the days seemed to stretch on forever. I was walking "
712,23,9,26.11374855041504,162.57572174072266,"Rewrite the given sentence to be in active voice.
The presentation was given by ","
The researcher gave the presentation."
713,83,17,24.481534957885742,326.66778564453125,"Write a sentence that describes what happens in the photo.
![alt text](https://d","
The two women in the photo are exchanging money in a cafe."
714,11,125,29.37173843383789,2489.978551864624,Guide the user on how to store food properly.,"
Discuss how to store different types of food and the importance of proper food "
715,26,13,25.213003158569336,248.44646453857422,Rewrite this sentence with a completely different phrasing but conveying the sam,"
The sandwich boasts an unexpectedly delightful flavor."
716,15,7,31.548261642456055,122.27749824523926,"Given the following string, remove all white spaces.
Hello   world","
Output:
HelloWorld"
717,10,96,31.67128562927246,1923.5053062438965,Design a logo for an online accounting software.,"
The online accounting software logo should be sleek, modern, and professional. "
718,13,83,31.271696090698242,1654.1237831115723,How can we reduce the environmental impact of home electricity usage?,"

There are several ways to reduce the environmental impact of home electricity "
719,10,35,30.78460693359375,698.9672183990479,Name a winter sport that requires a helmet.,"
Skiing, snowboarding, ice hockey, ice skating, snowmobiling, and bobsledding ar"
720,42,26,24.505138397216797,504.6191215515137,"Reorder the two sentences to form one logical phrase.
1. Scientists have not bee","

Although scientists have not been able to find a cure for cancer yet, they are"
721,22,18,27.396440505981445,343.63532066345215,"Given a sentence, detect any potential bias in it.
Women are not suited to becom","
This sentence is biased towards the idea that women are not capable of leading."
722,12,82,30.396699905395508,1649.7864723205566,Think of a creative opening line for a horror story.,"
Gunfire echoed off the walls of the small town as the moon hung in the night sk"
723,33,32,25.714874267578125,635.59889793396,"Analyze the following statement and identify the logical fallacy.
""If he is elec","

The logical fallacy committed in this statement is an Ad Hominem attack, as th"
724,40,128,24.070262908935547,2596.005439758301,"Edit the following sentence to make it more concise: ""He had a really bad headac","
He had a bad headache.
Published on: 28/03/2018
Edit the following sentence to "
725,39,92,25.5582332611084,1885.8163356781006,Write a JavaScript function that takes in a string and returns an object with ea,"
Example input: ""hello world""
Example output: { h: 1, e: 2, l: 3, o: 4 }

def ch"
726,22,7,26.598691940307617,127.95615196228027,"Translate the following from English to Spanish: ""I am a student.""
I am a studen","
I am a student."
727,9,45,31.78119659423828,937.4241828918457,Compose a song that reflects freedom.,"
What I'd like you to do is to come up with a song that reflects the feeling of "
728,18,128,26.586294174194336,2648.653030395508,"Construct a sheet of paper with the product details.
iPhone 11 Pro","Max
Display: 6.5-inch Super Retina OLED display
Processor: A13 Bionic chip
Memor"
729,19,10,26.40080451965332,185.0590705871582,"Explain the humor in the following statement
Why did the Python programmer go hu","
Because he swallowed a module without looking."
730,23,18,28.005123138427734,354.71343994140625,Generate a movie title that fits the sequel to “Rise of the Planet of the Apes”,"
Name: ""Ape Exodus: Planet of the Simians"""
731,15,86,31.11720085144043,1745.0294494628906,Explain how carbon dioxide contributes to global warming.,"
When carbon dioxide is released into the atmosphere, it traps heat and prevents"
732,11,26,29.618501663208008,530.6708812713623,Brainstorm three ideas for an outdoor activity.,"
Arrange the ideas in order of complexity.
1. Bird watching
2. Hiking
3. Mountai"
733,18,18,25.83146095275879,347.4721908569336,Construct a search query to find a wooden chair with a reclining backrest.,"
Construct the search query: ""Wooden chair reclining backrest"""
734,10,128,31.520605087280273,2617.6843643188477,Design a recipe for protein waffles.,"
How to make protein waffles?
Protein waffles can be made by combining oat flour"
735,16,21,31.388521194458008,420.0596809387207,Generate a list of 4 adjectives related to the outdoors.,"
Rustic, verdant, tranquil, and awe-inspiring."
736,16,76,31.254053115844727,1528.357982635498,Generate 10 different topics that could be used to start a conversation.,"
Generate 10 different topics that could be used to start a conversation.
1. Rec"
737,12,56,30.09796142578125,1135.1680755615234,Name the elements in the third period of the periodic table,".
Name the elements in the third period of the periodic table. The third period "
738,8,42,31.306743621826172,848.2017517089844,Name five common types of pension funds,".

1. Defined benefit pension funds
2. Defined contribution pension funds
3. Cas"
739,19,10,26.445388793945312,184.920072555542,"Transform the statement into an interrogative sentence.
I forgot to buy oranges.","
Did you forget to buy oranges?"
740,10,128,31.34751319885254,2590.487241744995,Write a short story about battling evil forces,".
Create a protagonist who is a young girl struggling against evil forces.

Once"
741,14,115,31.94570541381836,2295.9980964660645,Give me a list of five use cases of natural language processing.,"

1. Sentiment analysis: Automatically extract opinions and emotions from text t"
742,39,128,24.90091323852539,2564.0294551849365,"Given an array of integers, return the first repeating element.
arr = [3, 6, 7, ","
output = 6

def firstRepeatingElement(arr):
    hashMap = {}
    for i in arr:
"
743,17,62,24.27387237548828,1221.8897342681885,"Explain the phrase ""money is a good servant but a bad master"".","
Money is a good servant because it can provide us with the things we need and t"
744,17,113,25.3751277923584,2262.0716094970703,"Write a detailed description about a person in 50 words
Person: Sarah","

Sarah is a 24-year-old woman with auburn hair and a smile that lights up a roo"
745,15,34,31.48198127746582,668.6220169067383,Generate 3 unique adjectives related to 'jovial',"
Generate 3 unique adjectives related to 'jovial':
1. Genial
2. Mirthful
3. Greg"
746,25,13,28.404712677001953,243.8361644744873,"Edit the following sentence: ""The man walked the slow down the street"".
The man ",".
The man walked the slow way down the street."
747,12,62,29.73318099975586,1266.0257816314697,Generate an appropriate example of a cause-effect relationship.,"
Responses may vary, but an example of a cause-effect relationship could be:

Ca"
748,33,14,24.54996109008789,264.70232009887695,Remove the 3rd person singular pronoun in the following sentence and make the ne,"
He should reach early to be on time for the meeting."
749,15,110,31.031131744384766,2233.224868774414,"Generate 5 questions relevant to the following topic
Men's fashion","trends in 2022
1. What are the most popular men's fashion trends for 2022?
2. Wh"
750,78,73,27.195215225219727,1479.921579360962,"Edit a rough draft of a paper on solar system astronomy.
The first recorded obse","As technology improved, so did their ability to study the Solar System. They wer"
751,19,7,25.050640106201172,124.04918670654297,"Provide the translation for a given sentence in French.
Je veux un café.","
I want a coffee."
752,14,128,32.331228256225586,2626.024007797241,Construct a proposal regarding a school initiative to recycle during lunchtime,".

The initiative would involve setting up a centralized recycling station in th"
753,11,84,29.702425003051758,1687.5112056732178,Describe the difference between web development and web design.,"

Web design is the process of creating a visually appealing website. It focuses"
754,13,6,31.701326370239258,99.84779357910156,Convert the phrase “1/2” into a fraction.,"
R1/2"
755,18,8,24.372100830078125,141.74389839172363,Change the following sentence to the active voice: The presentation was given by,"
The manager gave the presentation."
756,26,28,26.985883712768555,541.8720245361328,"Detect irony in a sentence.
My parents said I could go to the party, but I alrea","
The irony in the sentence is that the speaker has already made plans to go to t"
757,21,37,25.823593139648438,737.1799945831299,"Respond to the following tweet.
Tweet text: 
What an amazing day!","The sun is shining and the birds are singing. #Nature

Response:
I agree! The be"
758,31,45,25.51555633544922,877.4693012237549,"Generate a post regarding this article on Twitter.
This article discusses the us","
Tweet: Medical professionals are using AR technology to provide better care to "
759,17,45,25.725841522216797,894.7494029998779,Generate a short conversation between two people expressing admiration for a thi,"
Susan: I admire how diligent and hardworking Alex has been with his project.
Pe"
760,22,26,25.159358978271484,504.46224212646484,"Create a list of 5 adjectives that best describe the product or service.
A share","offering flexible office solutions.

A vibrant, collaborative, inspiring, produc"
761,14,82,32.1352481842041,1641.4532661437988,Generate 5 tips that can help improve one's focus.,"
Create a list of 5 tips that can help improve one's focus.
1. Break tasks into "
762,13,128,32.446861267089844,2572.843074798584,What should you do when you are stuck on a problem?,"
Take a break and come back to it later with a fresh mind.

What strategies shou"
763,11,128,29.139995574951172,2555.7074546813965,Create a PowerPoint presentation about the French Revolution.,"
Explain the causes and consequences of the French Revolution.
Analyze the impac"
764,17,11,24.43385124206543,213.92393112182617,"Identify which type of sentence this is: ""John walked to the store.""","
Classify it as a declarative sentence."
765,11,101,29.63852882385254,2055.523157119751,How does a hot-air balloon fly?,"
A hot-air balloon is able to fly due to the difference in temperature between t"
766,24,76,25.55084228515625,1543.5218811035156,"Research a famous poet and summarise their famous work in 2-3 sentences.
William",is one of the most famous poets in the English language. He is best known for hi
767,39,26,28.741836547851562,521.6350555419922,"Rank the following activities based on their level of difficulty, from easiest t","
My order: Drawing a still life painting, memorizing a poem, solving a Rubik's c"
768,26,47,26.247739791870117,955.6012153625488,"Create a visual representation of the relationship between two variables.
The nu","
Creating a scatter plot
X axis: Number of years of education
Y axis: Earning pe"
769,21,5,26.093482971191406,81.94994926452637,"Calculate the sum of all the digits in the given number.
18047","1
18"
770,18,21,24.48296546936035,410.0329875946045,"Convert the following odometer reading into miles.
21335 km","
Miles = 21335 km / 1.60934"
771,7,53,30.57241439819336,1087.0249271392822,Name some popular machine learning algorithms,".
Name some popular machine learning algorithms:
1. Decision Tree
2. Random Fore"
772,11,33,29.716014862060547,659.58571434021,Create a menu item for a seafood dinner.,"
The menu item could be Grilled Salmon with Lemon Butter, served with a side of "
773,85,101,26.273727416992188,2064.551830291748,"Explain what the article is about in 1 to 2 sentences.
Summary: This paper descr","It also has the potential to improve NLP tasks like sentiment analysis, topic mo"
774,10,97,30.29918670654297,1933.1412315368652,Estimate the cost for building a website.,"
Give an estimate for an e-commerce website with 1000 product listings, 100 page"
775,19,17,24.10292625427246,323.09865951538086,"Find the mistake in the following sentence and correct it
He sadly said his fare",".
The correct sentence would be: He sadly said his farewells."
776,11,113,29.127836227416992,2256.152391433716,List four responses about the usage of mobile phones.,"
1. Mobile phones can be used for communication purposes, such as making calls, "
777,13,113,31.311511993408203,2260.8983516693115,Describe what a smartphone does in five words or less.,"
Communication, organization, entertainment.

What does the cloud mean?
The clou"
778,22,69,25.39229393005371,1398.3840942382812,"Consider the given input and give a business idea.
Software as a Service (SaaS)","for customer relationship management.

Business Idea: Create a software that hel"
779,27,16,25.365591049194336,307.3732852935791,"Add a sentence that expresses the happiness of this family
They had just won the","The father, mother, and two children were all beaming with joy."
780,36,79,23.017406463623047,1577.4848461151123,"Summarize the following 20 words into 1 sentence.
toxic – substance – human – fi",– plastic – disposable – microscopic – particles – sized – dangerous – inhale – 
781,29,43,25.33578872680664,847.527027130127,"Compose a sentence describing the argument of a recent article
The article is en","
### Response:
The article examines how digital technology has been marketed as "
782,17,128,23.879528045654297,2558.593273162842,"Craft a story from the following three words: Moon, Whale, Balloon",".

Once upon a time there was a whale who loved to live in the bright light of t"
783,18,115,24.361133575439453,2296.2918281555176,"Formulate an argument for or against a given action.
Banning plastic bags.","

Banning plastic bags is a necessary and important step to reduce plastic pollu"
784,11,96,30.130386352539062,1910.2308750152588,Describe a design process for creating a new website.,"
Designing a new website involves several key steps:
1. Identifying the website’"
785,7,54,31.292438507080078,1085.5345726013184,Describe the smell of chocolate.,"
What is the scientific definition of a molecule?
How does light refract?
What i"
786,60,128,23.832321166992188,2549.4534969329834,"Given a customer's preference and budget, suggest 3 hotels in the destination ci",", Brazil
Hotel Suggestions:
1. Hotel Rio Palace - This modern hotel is located i"
787,25,28,23.573637008666992,546.7896461486816,"Write the missing words to complete the sentence in an appropriate way.
The swim","
The correct answer is ""inclement weather"". The sentence should now read: The sw"
788,14,34,32.05084800720215,672.2927093505859,Make a list of three activities you can do in the rain.,"
1. Go for a walk in the rain.
2. Have a picnic in the rain.
3. Make rain-themed"
789,14,128,31.754016876220703,2565.0196075439453,Write a short story about an elderly person who starts a garden.,"
Gramps had always loved nature, and now in his retirement he decided it was fin"
790,16,128,31.718015670776367,2550.069570541382,Construct a persuasive letter to persuade a school to reduce their fees,".
Reverend [Name],

I hope this letter finds you in good health and high spirits"
791,33,46,26.213407516479492,920.276403427124,"Given a set of product features, describe what benefits the customer might be ab","
Customer benefits: The lightweight fabric allows for easy movement and reduces "
792,16,128,31.88490867614746,2554.492235183716,Provide a list of items that can be reused or recycled.,"
Include items that can be composted.
Items that can be Reused or Recycled:
1. P"
793,26,48,25.3903865814209,956.8753242492676,"Infer the meaning of the following idiom and use it in a sentence.
Make a mounta","
To make a big deal out of a small problem.

I didn't like the way he looked at "
794,16,11,31.028032302856445,203.49383354187012,"Grade the following mathematics question: 2+2
2+2","=4.
The grade would be A."
795,13,71,33.06388854980469,1413.4035110473633,Describe the different characteristics of a well-written news article.,"
A well-written news article should be concise, accurate, up to date, unbiased, "
796,13,22,31.9669246673584,424.8943328857422,Write a sentence that is both a question and a command.,"
Position the question mark at the end of the sentence.

Take a break, would you"
797,23,11,24.248361587524414,203.3693790435791,"State if the given sentence contains an exaggeration or not.
We'll accomplish it","
Yes, this sentence is an exaggeration."
798,30,13,24.009227752685547,252.84266471862793,"Describe the mood of this poem
The sun it rises
From east to west
Its light it g","

The poem has a hopeful and peaceful mood."
799,25,15,23.833274841308594,287.0151996612549,"This is a classification task. Classify the text into 2 classes of your choice.
",".
Class1: Positive
Class2: Neutral"
800,13,69,32.23109245300293,1368.6087131500244,Explain what adjectives are and give an example.,"
Adjectives are words that modify or describe a noun or pronoun in the sentence."
801,26,8,25.850296020507812,141.94774627685547,"Convert the given time from 24-hour clock to 12-hour clock.
15:37",-> 3:37 PM
802,37,27,26.93772315979004,528.0015468597412,Analyse the sentence for errors in grammar and provide the corrected version of ,"
The corrected version of the sentence is: Proposals were made by the school com"
803,13,128,32.195329666137695,2552.870512008667,Research the population of Singapore and present it in a chart.,"
In 2021, the population of Singapore was approximately 5.7 million. According t"
