request_idx,input_tokens,output_tokens,prefill_time_ms,decode_time_ms,prompt_preview,output_preview
0,14,128,68.02654266357422,2747.3342418670654,Describe an example of a time you used influence in a positive way,". What was the situation, your role, the outcome, and the impact?
I once used in"
1,16,92,32.77254104614258,1938.6842250823975,"Classify the following phrase ""I am so cold"":
I am so cold",". 
A. Interjection
B. Exclamatory sentence
C. Statement
D. Interrogative sentenc"
2,15,128,31.514883041381836,2741.645336151123,Examine the differences between an LLC and a C-corporation.," What are the advantages and disadvantages of each?
An LLC (Limited Liability Co"
3,15,91,32.82880783081055,1931.455135345459,Make a list of 3 things to do to preserve the environment.," Give a brief explanation of each item.
1. Use public transportation or carpool:"
4,19,11,25.942564010620117,214.2033576965332,"Transform the sentence so that it uses direct quotations.
The speaker said that "," 
The speaker said, ""Education is important."""
5,24,29,27.504682540893555,604.8510074615479,"Generate a single sentence that summarizes the effects of the given policy.
Poli","
Effect: Encourages the development and deployment of renewable energy sources, "
6,9,128,31.554698944091797,2739.0060424804688,How can cities become more eco-friendly?, Cities can become more eco-friendly by implementing policies and practices that
7,12,127,30.245304107666016,2720.6737995147705,What is the primary benefit of using a relational database?," A) Speed B) Security C) Scalability D) All of the above
Answer: D) All of the a"
8,8,128,31.737804412841797,2730.6132316589355,Outline the advantages of television advertising., Television advertising is a very effective means of communicating with the cons
9,24,70,26.66020393371582,1481.687307357788,"Illustrate the given text with a drawing.
Lost in the woods, the brave prince se"," But instead, he stumbled upon a magical kingdom. He met a beautiful princess an"
10,16,128,32.60040283203125,2744.384765625,Create a web page design with a color palette of three shades of blue.," Use a font that is clear and easy to read.
Create a web page design with a colo"
11,27,10,27.808666229248047,193.33481788635254,"Identify which of the following type of speech is legal in a courtroom?
Direct e"," 
The correct answer is: Direct examination."
12,21,7,26.19457244873047,128.3118724822998,"Identify the sentiment in the text.
I'm glad to have the opportunity to work wit"," 
Outlook: Positive."
13,17,36,26.727676391601562,753.953218460083,"Infer what the author is implying in this sentence.
He's been busy lately",", but he still has time for his hobbies.
The author is implying that the person "
14,11,128,29.905319213867188,2739.210844039917,How can countries reduce the effects of climate change?," essay
The effects of climate change are far-reaching and can be devastating. Ri"
15,13,128,33.06984901428223,2740.0834560394287,Generate a website design for a company that sells house cleaning services,"
The website should be clean, modern and visually appealing. It should also be u"
16,8,128,30.96175193786621,2730.9412956237793,Generate a random 8-digit number,"
Random 8-digit number: 46895982
How to generate a random 8-digit number
The ran"
17,16,128,32.40513801574707,2734.2047691345215,"Write an article on the pros and cons of social media usage.
N/A"," | 0 Comments
Social media has become an integral part of our lives. We use it t"
18,14,20,32.82761573791504,407.9573154449463,"Output the synonym of the word given in the input field.
Happy"," to help. What's the word? 
Input: Joyful
Output: Jubilant"
19,7,128,31.331777572631836,2725.412130355835,Explain the Product Liability Law,"
The product liability law is a set of legal rules and regulations that are desi"
20,10,16,32.076358795166016,325.1152038574219,Generate five adjectives that describe the sun.," 
The sun is bright, warm, radiant, powerful, and majestic."
21,12,112,29.919147491455078,2404.8657417297363,Write two lines of iambic pentameter.," Iambic pentameter is a type of meter in poetry, characterized by each line cons"
22,14,128,32.6390266418457,2712.801933288574,"Give a definition for the techonolgy ""cloud computing""."," Explain how it works and the benefits it provides.
Cloud computing is a model f"
23,13,11,31.557321548461914,215.20185470581055,"Generate a CSS rule that displays the following font color
Yellow","
Orange
Red
Green
Blue
Purple"
24,16,77,31.28981590270996,1631.136417388916,Come up with a strategy for solving a Rubik's Cube for beginners.," Include the steps.
Step 1: Understand the cube's structure and the goal.
Step 2"
25,21,120,25.6807804107666,2586.193323135376,"Create an argument for why the given cause is true.
The current pandemic is caus"," Climate change is a global issue that is resulting in extreme weather events, s"
26,10,115,32.018184661865234,2493.4558868408203,Describe the negative impacts of using plastic bags.," (10 points)
A. Plastic bags are not biodegradable and can take up to 1000 years"
27,19,128,25.859355926513672,2727.5285720825195,Generate a list of marketing strategies to encourage people to purchase the give," with advanced technology.
Create a campaign highlighting the superior sound qua"
28,14,128,32.89628028869629,2739.2971515655518,Summarize the Summary of Qualifications section of a resume., The Summary of Qualifications section is a brief overview of a candidate's rele
29,10,35,32.094717025756836,732.0046424865723,Write five landmarks located in New York City.," 
Answer: 
1. The Statue of Liberty
2. Central Park
3. Times Square
4. The Brook"
30,14,128,32.40370750427246,2737.450122833252,"Describe how machines can help people with their daily tasks.
Noinput","
Machines can help people with their daily tasks in a variety of ways. For examp"
31,37,2,25.4514217376709,22.110700607299805,Classify whether the following sentence follows the structure of active voice or,
32,107,128,45.21608352661133,2739.7689819335938,"Select the main idea of the passage, output the sentence index.
(1)The practice ", (4) It is also possible to practice mindfulness in daily activities such as eat
33,21,127,26.40700340270996,2724.7557640075684,"Complete the following text to form a short story.
The girl found a magic lamp i"," She rubbed the lamp and a genie appeared.
The genie offered her three wishes. T"
34,9,128,32.259464263916016,2730.3638458251953,Describe the visual effect of a bouncing basketball,"
The visual effect of a bouncing basketball is mesmerizing. The ball appears to "
35,25,128,26.44824981689453,2724.3103981018066,"Given the input, devise an experiment to determine the length of time it takes t", is a process that requires some experimentation to get right. The experiment sh
36,6,56,29.2818546295166,1182.8582286834717,Design a website navigation menu," that looks modern, clean and easy to use.
Design a website navigation menu that"
37,17,124,29.027462005615234,2630.068302154541,"Rewrite the sentence into a positive phrase
I can't do anything right."," 
I'm doing my best. 

I'm not good at anything. 
I'm a good student. 

I'm so u"
38,18,128,24.89161491394043,2737.0903491973877,"Put the items in order from most important to least important.
Exercise, Sleep, "," Healthy, Manage Stress, Stay Hydrated
I managed to get all of them in order fro"
39,13,20,33.41269493103027,406.13794326782227,Name three furniture items that would be suitable for a bedroom.," 
Answer: 
1. Bed 
2. Dressing table 
3. Wardrobe."
40,7,128,30.814647674560547,2730.77130317688,What is temperature defined as?, Temperature is defined as the measure of the average kinetic energy of particle
41,10,128,31.232833862304688,2738.05832862854,Predict the future direction of the stock market.," No one can predict the future with certainty, but many experts have made educat"
42,9,128,30.869722366333008,2725.9163856506348,How many continents are there on Earth?," There are 7 continents on Earth, which include Africa, Antarctica, Asia, Austra"
43,21,25,27.29320526123047,517.5001621246338,"Try coming up with a sentence using the words 'evil', 'mile', and 'apparent'."," 

Example: 
The evil sorcerer traveled a mile to reveal his apparent plan to th"
44,10,51,30.80129623413086,1080.275058746338,Write an opening sentence for a horror story.," 
In the abandoned mansion at the end of the street, a strange shadow moved unse"
45,24,10,26.132583618164062,194.64612007141113,Modify the following sentence so that the verb is in the third person singular p," 
He ________________ the book yesterday."
46,33,128,25.946855545043945,2747.340440750122,"Summarize the article about human reproductive health.
https://www.plannedparent","
The article discusses the importance of reproductive health for people of all a"
47,28,128,26.092529296875,2727.7233600616455,"Using the given information, construct a paragraph about the history of the comp","
Headquarters: San Francisco, CA
Description: Heavy Machinery is a leading manuf"
48,29,105,27.553558349609375,2253.8857460021973,"Describe the emotion expressed in the given excerpt and output the response.
The", They were about to open for their favorite artist and the excitement was almost
49,12,42,31.205177307128906,900.4075527191162,Generate a word problem that requires the four basic operations:," addition, subtraction, multiplication, and division.
A bakery sells 25 cupcakes"
50,12,61,30.443191528320312,1297.6789474487305,Create a link to an online store that sells books.," For example, Amazon.
Link: https://www.amazon.com/
Description: Amazon is the w"
51,11,128,30.912399291992188,2723.665952682495,Specify the components of the UN Sustainable Development Goals.," Explain the importance of each goal.
The UN Sustainable Development Goals (SDGs"
52,28,3,27.286529541015625,48.42972755432129,Edit the following sentence to improve its clarity: “The decision is calculate t, needed.
53,17,55,27.085542678833008,1168.0271625518799,Create a mathematical equation for calculating speed if given the formula distan," 
Speed = distance / time
Input: 10 miles, 10 minutes
Output: 1 mph
Input: 20 mi"
54,16,128,31.772136688232422,2742.5036430358887,Find examples of the word “enigma” used correctly in two sentences.," Note how the enigma is used in each sentence.
The mysterious stranger was an en"
55,30,128,27.938365936279297,2728.2633781433105,"Given a set of survey results, make a data visualization that summarizes the res"," The results show the number of people that visit each country. 
Data: 
France: "
56,13,128,32.95016288757324,2733.865737915039,"Write a story that features a character named ""Jenna"".", Jenna is a scientist who specializes in the study of the ocean. She is passiona
57,19,4,27.916669845581055,68.82905960083008,"Transform this sentence: ""The cat sat on the mat""
The cat sat on the mat", 😊.
58,15,128,31.336069107055664,2756.0815811157227,Identify the major differences between a fable and a parable.," 
A fable is a short story that conveys a moral lesson, typically featuring non-"
59,8,128,32.742977142333984,2762.329578399658,Generate a list of musical instruments., Organize the list by instrument category. List the instruments in alphabetical 
60,12,128,30.750513076782227,2740.7748699188232,Generate three persuasive arguments supporting a particular point of view.," 
I argue that the internet should be a human right.
Firstly, the internet has b"
61,16,128,32.0734977722168,2718.1811332702637,"Write a paragraph explaining how the given term is used in research
Data Visuali",: Data visualization is the process of using data and statistical methods to cre
62,14,22,31.980514526367188,452.52537727355957,Convert the number 2.5p to its exact decimal.," The answer should be in the format of a number. 
2.5p = 0.025"
63,44,81,26.020526885986328,1713.2806777954102,"Compute the total cost for the items below, assuming each item is bought in the ",; Potato - 10 at $0.75 each; Banana - 3 at $0.50 each; Carrot - 10 at $0.25 each
64,10,87,31.929492950439453,1849.2710590362549,Create a container class that holds two values.," Create a function to print the values in the container. 

```java
public class "
65,13,13,32.44972229003906,261.54184341430664,Create a SQL query to list all the customers from Chicago.," 

SELECT *
FROM customers
WHERE city = 'Chicago'"
66,8,128,31.473636627197266,2721.1592197418213,List some diseases caused by smoking., Smoking is the leading cause of preventable deaths worldwide. It can cause a wi
67,13,128,33.13112258911133,2755.6235790252686,List 5 common adjectives for describing a beautiful sunset.," 
1. Vibrant
2. Breathtaking
3. Saturating
4. Brilliant
5. Tranquil
6. Dazzling
"
68,13,92,31.88157081604004,1957.8793048858643,Generate a game plan for a client struggling with eating habits.," 
1. Start with an initial consultation to discuss goals, identify unhealthy beh"
69,16,128,31.704425811767578,2747.185707092285,"Create an theano code for making a prediction.
target_variable = 'sales'"," 
predictors = ['price', 'advertising'] 

# Import necessary libraries
import pa"
70,33,6,24.7800350189209,107.78117179870605,"Determine the 3rd highest value in the list.
List: [-3, 0, 5, 9, -5, 10]"," 
Response: 5"
71,19,128,26.851892471313477,2733.851909637451,Generate a musical piece with a duration of 5 minutes and a key of C Major., The piece should have a tempo of 66 beats per minute and a range of 2 octaves. 
72,18,54,26.63445472717285,1140.0258541107178,Create a tagline for a company with the word 'smile' in it.," 
The company is a dental care facility. The tagline should emphasize the import"
73,39,34,26.491880416870117,713.6836051940918,"Name the type of rhyme scheme used in the following poem.
""O Time, thou must unt"," 
A. End Rhyme
B. Internal Rhyme
C. Perfect Rhyme  
D. Slant Rhyme 
Answer: A. E"
74,37,2,26.20387077331543,22.177696228027344,"Compare and contrast the given two pieces of data.
Piece 1: The temperature is 8",
75,13,30,31.76093101501465,616.6784763336182,"Give two possible definitions for this phrase.
Love at first sight"," is an instant attraction towards someone.
Love at first sight is a romantic ide"
76,21,128,27.530670166015625,2733.7372303009033,"Write a Haiku poem, composed of three lines of five, seven and five syllables ea"," Make sure it is inspired by a topic related to the theme of the course, which i"
77,13,128,31.621694564819336,2738.2872104644775,Describe what a computer monitor is and why it is used., A computer monitor is an output device that displays the video signal from a co
78,12,128,30.517101287841797,2720.7438945770264,What are the best tips for writing efficient SQL queries?," 

1. Limit your number of joins: Too many joins can slow down your query and it"
79,12,29,30.321359634399414,598.6282825469971,Name 3 famous painters of the Baroque period.," 
1. Caravaggio 
2. Rembrandt 
3. Velasquez 
4. Vermeer 
5. Bernini"
80,8,92,30.697345733642578,1943.0882930755615,List two properties of a mineral., _______________________________________ _______________________________________
81,19,128,28.060436248779297,2744.560956954956,"Develop algorithms to sort the following numbers in increasing order.
7, 4, 11",", 2, 9, 7, 6, 2, 1, 8, 6, 5, 3
Use the following algorithms:
1. Bubble Sort
2. S"
82,14,128,32.422780990600586,2722.604751586914,"Explain what happened in the following event.
The Suez Crisis", was a pivotal event in post-WWII international relations which took place in 19
83,20,128,27.58002281188965,2741.964101791382,"Describe a person's characteristics in 5 words
pragmatic, logical, creative, dec",", ambitious
I would like to have a conversation with a person who:
is an expert "
84,30,84,27.837276458740234,1782.7022075653076,"Provide an alternate solution to the below problem.
The restaurant needs a solut"," 

Alternate Solution:
The restaurant can use an automated system to track custo"
85,32,22,27.257442474365234,456.4709663391113,Rewrite the following sentence by replacing all the words with synonyms to make ,".
The rewritten sentence is: Quite a number of individuals asserted that the per"
86,9,128,31.280040740966797,2739.4347190856934,Describe a potential consequence of global warming., Provide a few examples of how global warming can have an impact on human popula
87,6,128,29.72126007080078,2727.2939682006836,Generate a workplace safety protocol," for an industrial setting
Generate a workplace safety protocol for an industria"
88,10,111,31.426191329956055,2357.522964477539,Describe how machine learning models can be deployed.," 

Machine learning models can be deployed in a variety of ways. These include:
"
89,14,128,31.92925453186035,2736.3827228546143,Compare and contrast the skills needed for a lawyer and an accountant.," Lawyers and accountants are both highly trained professionals, but they have di"
90,12,128,30.649662017822266,2733.473300933838,Generate an article about the current state of artificial intelligence.," Include current trends, applications, and potential future changes.
Artificial "
91,19,7,26.714801788330078,132.3373317718506,"Classify the following sentence as verb, noun, adjective, etc.
Nature is beautif"," 
Answer: Adjective."
92,11,81,30.475854873657227,1717.4153327941895,Name three US presidents who passed civil rights legislation., Name the legislation each passed. George W. Bush - Civil Rights Act of 2008; Bi
93,19,44,27.60624885559082,936.093807220459,"Compose a tweet encouraging your followers to support a given charity.
Charity: ","
Tweet: Help fight hunger in your local community with @FeedingAmerica! Donate t"
94,32,78,25.346994400024414,1668.6835289001465,Classify this sentence as either a simile or a metaphor: The moon was a light in," 
This sentence is a metaphor. A simile would have included the word ""like"" or """
95,6,128,30.156612396240234,2715.130567550659,Input a source of inspiration," that helps you to stay energized and motivated.
The source of inspiration that "
96,16,128,32.11522102355957,2745.607614517212,Construct an algorithm to find the largest number in a given array of numbers.," Explain each step.
Step 1: Initialize maximum number: Set a variable to store t"
97,14,112,32.900333404541016,2397.4452018737793,Produce a chart of the top 4 search engine market share," in the United States
Google: 83.5%
Yahoo: 5.1%
Bing: 7.4%
Ask: 1.1%
Source: Sta"
98,9,96,31.093358993530273,2039.7322177886963,Create a newspaper headline about a new discovery," in space
Here's a headline: ""Astronomers Discover Mysterious Planet in Distant "
99,12,128,29.67238426208496,2754.7683715820312,Analyze the impact of the internet on modern society.," Identify and explain the benefits and drawbacks of the internet.
The internet i"
100,14,128,32.56630897521973,2743.480920791626,Provide three tips for teaching young children about the importance of recycling, Teaching children about the importance of recycling can be an exciting and rewa
101,16,30,32.476186752319336,625.6437301635742,Construct a function that takes three parameters of type int and returns their s," The function should also print the sum.

Example:
Input: add(2,3,4)
Output: 9
9"
102,26,14,26.751279830932617,281.0988426208496,"Reword the following sentence in a simpler form: ""We have reached a point where "," Simplified version: ""We cannot keep living in the dark""."
103,7,128,32.12904930114746,2732.0518493652344,Describe the best time for investment,"
The best time for investment is when the market is low. This is because you can"
104,25,29,25.422096252441406,591.3238525390625,"Suggest the next step in a given problem-solving task.
A person is trying to bre"," A good response would be, ""Try using a different approach to decipher the code,"
105,14,125,31.786203384399414,2665.6880378723145,Write a brief description of the primary antagonist of the Harry Potter series,".
Lord Voldemort is the primary antagonist of the Harry Potter series. He is a d"
106,8,128,31.14604949951172,2720.4318046569824,Does garlic have any nutritional benefits?," | Blog | Our Health
Garlic is a staple in many cuisines around the world, not o"
107,27,25,26.033639907836914,517.6594257354736,"Specify how the following sentence can be written to avoid repetition
He used th"," 
The sentence can be rewritten to avoid repetition as follows:
He used the fork"
108,10,19,31.4486026763916,390.5303478240967,"Edit the sentence ""I am not eat"""," to make it grammatically correct.

What is the corrected sentence?
I am not eat"
109,32,128,26.378154754638672,2718.3451652526855,"Create an algorithm to determine the shortest route from point A to point B.
Poi"," 
The shortest route from A to B is: 
1. Start at (1,1) 
2. Move 1 step up and 4"
110,18,128,28.116941452026367,2738.1815910339355,"Write a critical review for the given book.
Harry Potter and the Sorcerer's Ston"," - A Magical Adventure
A review by Alexandra Wang
Harry Potter and the Sorcerer'"
111,14,128,32.151222229003906,2741.750717163086,Create a list of 10 interesting questions about World War II.," Who could answer these questions better than a historian?

## Step 1: Identify "
112,10,128,30.982494354248047,2744.5688247680664,What techniques help an individual lower their stress?," - Question from What can I do to reduce stress?
Answer: Techniques such as deep"
113,13,128,32.41419792175293,2713.916301727295,Find out which animal has the biggest eyes in the world.," It's not a cat!
The animal with the biggest eyes in the world is the colossal s"
114,13,46,32.92059898376465,959.3861103057861,Create a mockup of a website for an online retail store,".
Create a wireframe design for the website, including layout, navigation, and f"
115,11,31,30.231952667236328,646.1730003356934,Construct a sentence about an action an animal performs.," Use the following words in your sentence: ""kitten, climbs, branch, runs.""
The k"
116,36,32,26.749134063720703,664.008617401123,"Write a headline for the article about the new issue of the magazine.
Article: T"," It includes interviews with leading experts, articles on sustainable living and"
117,27,79,29.987335205078125,1680.2542209625244,Come up with a creative response that encourages the customer to go ahead with t," Response:
Hey, I completely understand your concerns. But this product is high-"
118,10,128,31.620502471923828,2721.1532592773438,Explain the significance of the Berlin Wall., The Berlin Wall is a physical barrier that divided East and West Berlin during 
119,19,128,25.24566650390625,2721.195697784424,Give an example of a situation where you can use the scientific method to find a," Provide a step-by-step explanation of the process.
## Step 1: Identify a proble"
120,16,12,31.954050064086914,243.24727058410645,"List three items in my grocery list.
Apples, eggs, and milk",".
Add an item to the list.
Bananas."
121,11,123,30.909299850463867,2608.1695556640625,How do you connect a printer to a laptop?, Connecting a printer to a laptop is a relatively simple process that can be com
122,21,29,25.86674690246582,624.9773502349854,"To complete the following sentence, fill-in the blanks.
""Love is ________ and __"," Fill-in the blanks with two words that describe love. 
Example: ""Love is kind a"
123,27,128,27.083873748779297,2743.0214881896973,"Generate a hashtag suitable for marketing this product.
This is an innovative wa", It has a double-walled insulation that keeps your drinks at the perfect tempera
124,12,95,30.03692626953125,2047.8427410125732,Create a list of six tasks that need to be completed," to prepare for a big project
Brainstorming:
Create a list of six tasks that nee"
125,23,15,26.96824073791504,297.9440689086914,"Notice and correct the spelling mistake in the following sentence.
The gallery c"," 
The correct sentence is:
The gallery contained hundreds of art pieces."
126,7,128,31.19635581970215,2756.9222450256348,Create a new cooking recipe.," What ingredients do you need?
To create a new cooking recipe, I need to think a"
127,7,128,31.7385196685791,2732.659101486206,Generate a login / signup form," for a web application. 

### Response:
A login/signup form for a web applicatio"
128,12,128,29.956340789794922,2730.2677631378174,"List all the associated nouns with the given verb.
Read"," the sentence and identify the verb.
The verb is ""read"".
List the associated nou"
129,10,94,31.5091609954834,1996.5317249298096,Design an icon that represents a robotic arm.," The icon should be 2 dimensional, colorful, and represent the capabilities of t"
130,11,26,30.95722198486328,538.1209850311279,Name 3 things a software engineer should know.," 
Software Engineer Should Know:
1. Programming languages
2. Data Structures and"
131,27,128,25.36916732788086,2738.5025024414062,"Describe a time when you made an impact at work.
I was working on a project invo", I identified an issue with the existing system which was causing inefficiency a
132,87,86,27.303457260131836,1840.2619361877441,"Identify the theme in the following passage about a family reunion
The Smith fam"," At the end of the day, everyone agreed that it was a wonderful experience that "
133,23,107,27.268409729003906,2290.8456325531006,"Given the following input, classify the type of communication expressed in the s"," 
Supportive
Encouraging
Direct
Constructive
Deceptive
Indirect
False
Remotely
U"
134,28,21,26.657819747924805,440.4151439666748,"Calculate the average of these 6 numbers: 2, 6, 9, 4, 10, 18."," Round your answer to the nearest tenth of a degree. 

The average is 8.3."
135,13,128,31.927824020385742,2734.2851161956787,Name three differences between the corporate world and the freelance world.," What are some of the benefits and drawbacks of each? In your answer, please pro"
136,25,17,26.772737503051758,344.4998264312744,"Group the following list of shapes into 2D and 3D shapes: triangle, sphere, cyli"," 
2D shapes: Triangle, Square 
3D shapes: Sphere, Cylinder"
137,18,128,28.282642364501953,2747.6203441619873,"Generate a list of at least 5 adjectives to describe the given item.
Computer","-generated imagery
Magical, mesmerizing, detailed, realistic, vivid
Computer-gen"
138,14,128,31.75806999206543,2752.4538040161133,How does the endocannabinoid system affect the immune system?, The endocannabinoid system (ECS) plays a crucial role in modulating the immune 
139,17,8,26.548385620117188,150.6483554840088,"Take the given sentence and rewrite it using future tense
The experiment was con"," 
The experiment will be conducted."
140,16,128,31.8601131439209,2739.1977310180664,Create a list of steps to take in order to keep a computer secure., Include both hardware and software security measures. Discuss the importance of
141,24,21,26.608705520629883,431.92338943481445,"How would you classify the genre of the following book?
The book is a thrilling "," where the world is threatened by an alien invasion. 
The genre of the book is s"
142,7,56,31.54778480529785,1192.0759677886963,Say three positive qualities about yourself,". What are they?
I am a hard worker, a good listener, and a creative problem sol"
143,11,22,31.39972686767578,453.09901237487793,"Reword this sentence:
I started eating healthier."," I tried to reduce my carbohydrates intake.
I started a new diet that focuses on"
144,18,128,26.526927947998047,2732.851505279541,Give two examples of a situation in which you would expect someone to take a sta," Explain your answer.
Answer: Two examples of when someone would be expected to "
145,15,128,31.691551208496094,2737.230062484741,Brainstorm three ideas for creating a marketing campaign for a summer movie.," What elements would you include in the campaign and why?

## Step 1: Identify t"
146,47,31,25.822877883911133,646.9149589538574,We have a data set of customer reviews. Find the sentiment of each review and cl," 
""I had a good experience with this product, it was alright"" 
No responses have"
147,17,24,26.2606143951416,494.2638874053955,"Convert the date July 28th, 2020 to a Unix timestamp."," How many seconds will have elapsed since January 1st, 1970?
Output: 1595851200"
148,14,128,32.3176383972168,2732.269048690796,Generate an argument for why a person should volunteer in their community.," What are some benefits?
Volunteering in your community can have a profound impa"
149,14,128,32.38081932067871,2747.7691173553467,Explain why loyalty programs are an effective part of customer retention., Provide an example of a successful loyalty program. Explain why you recommend l
150,34,42,25.983810424804688,875.2396106719971,Select the best website font from the 3 options given and provide a brief explan,"
Alegreya is my chosen font. It is a serif font with a classical feel, while hav"
151,12,128,31.305551528930664,2724.634885787964,Give a metric to evaluate a natural language processing model.," Explain how the metric is calculated.
 
The metric is accuracy. Accuracy is cal"
152,36,128,28.60713005065918,2729.151725769043,Add a sentence to the following story that provides insight about the characters," Without hesitation, they ran for cover, quickly ducking into a nearby alley. As"
153,24,20,25.279998779296875,409.0390205383301,"Identify the smallest number in the following set
1, 5, 9, 20, 25",", 30, 32, 35, 40
The answer is 1."
154,18,86,29.753684997558594,1852.8788089752197,"Generate a creative name for a library that fits the given theme.
Exploration & ","
Name: The Curiosity Lab
The Curiosity Lab is a library that encourages people t"
155,10,128,32.06968307495117,2744.8911666870117,Describe the benefits of using electronic medical records., Electronic medical records (EMRs) provide healthcare providers with an efficien
156,12,128,30.23076057434082,2741.1797046661377,Name three examples of animal species that are currently endangered.," 
Birds of the rainforest
Kangaroos
Elephants 
Hippopotamuses 
Tigers
Lemurs 
Sn"
157,16,46,31.42380714416504,979.0196418762207,Calculate the value of X in the equation 8X+6=14,"
How to solve:
8X+6=14
Subtract 6 from both sides
8X=8
Divide both sides by 8
X="
158,16,49,32.78660774230957,1027.7390480041504,Generate a headline for a “how to” article on cleaning silver jewelry.," The headline should be concise and clear.
How to Clean Silver Jewelry Like a Pr"
159,15,128,32.31406211853027,2745.288848876953,Create a web page that displays the temperature of the city of Florence.," 
The web page should be able to fetch the temperature data from the OpenWeather"
160,8,128,31.356096267700195,2742.1274185180664,Give me examples of a consumer product," that has been impacted by the following technologies: AI
AI-powered chatbots ha"
161,15,93,30.894994735717773,1992.6621913909912,Come up with a list of 5 basic items needed to camp.," What are the items?
A: Tent, sleeping bag, camping stove, water bottle, first a"
162,7,128,31.5396785736084,2748.9383220672607,How did humans first communicate?," What were the first forms of written language?

Humans have been communicating "
163,65,128,25.192737579345703,2724.524736404419,"Based on the following philosophy passage, determine the author’s primary argume", We must set out to find the sources of our own power and the sources of our own
164,9,128,32.14550018310547,2725.4130840301514,Give the menu for the Thanksgiving dinner.," 
Main Course: 
- Roasted Turkey
- Baked Ham
- Mashed Potatoes
- Stuffing 
- Gra"
165,9,128,30.667543411254883,2737.483024597168,Describe the risk factors for heart attack.," Give an example of a risk factor for heart attack.
Heart attack risk factors ar"
166,9,40,31.279325485229492,845.4997539520264,"Restore the original sentence
drug damage lung","
Heroin can cause damage to the lungs, even if you don't smoke it.
Heroin, if sm"
167,14,86,32.1652889251709,1840.3985500335693,Generate a headline for an article discussing the importance of backup systems.," Click here. 
The Importance of Backup Systems: Why You Should Be Taking It Seri"
168,13,128,31.62527084350586,2751.7738342285156,List the differences between a data scientist and a data analyst.," Describe the skills and qualifications of each.

The primary differences betwee"
169,10,128,31.063318252563477,2757.0013999938965,Explain the historical context of WWI.," What were the main causes of the war?
World War I occurred from 1914 to 1918. I"
170,19,17,28.364896774291992,347.00894355773926,"Categorize the following tweet as positive, negative, or neutral: That was incre"," We can't wait for the next show! #BestShowEver
Positive."
171,13,128,32.029151916503906,2714.3948078155518,Brainstorm 5 ways a company can reduce their losses.," What strategies can they use to save money?
1. Streamline Business Processes: C"
172,19,5,25.98261833190918,86.3349437713623,"Categorize this sentence as either a statement or a question.
Do you like chocol"," 

Answer: Question"
173,21,60,25.247812271118164,1269.662618637085,"Take the input string of numbers below and add the numbers together.
1,2,3,4",",5,6,7,8,9
Output: 36
Explanation: The numbers in the input string were added to"
174,17,108,26.45564079284668,2311.4445209503174,Write the answer to 6+2 and explain why the number is correct.," Why is it the correct answer?
The answer to 6+2 is 8. This number is correct be"
175,10,48,31.13865852355957,1020.8079814910889,"Guess the next word
The family decided to"," go to the beach for a picnic. 
They packed a basket of food and headed out the "
176,33,46,26.748180389404297,974.0536212921143,"Redact all the private data from the following document.
John Smith, 3456 Main S",".
John Smith, 3456 Main Street, Apt 2, Anytown, CA, 78956.
John Smith, 3456 Main"
177,17,128,27.25982666015625,2732.5587272644043,Design an instruction set for a GPT model to create a haiku poem.," 

## Step 1: Define the task
The task is to create a haiku poem using the input"
178,27,17,26.322126388549805,345.3488349914551,"Given a sentence, identify whether it is a declarative or an imperative sentence"," 
Declarative.
I must go to the store.
Imperative."
179,15,128,31.518220901489258,2724.7719764709473,Provide an example of a complex system that consists of several interacting comp," Include a description of the components and how they interact.
A complex system"
180,26,128,26.868820190429688,2749.253273010254,"Determine whether the number sequence given is an arithmetic sequence.
2, 5, 8, ",", 17, 20
Yes, the sequence is an arithmetic sequence because there is a constant"
181,14,128,31.528949737548828,2746.5152740478516,Create a detailed paragraph outlining the physical features of a chess board.," Include the 64 squares, the alternating black and white squares and the locatio"
182,19,100,26.579618453979492,2130.544900894165,"In 100 words or less, tell a story about the consequences of the choices people ",".
A young man made a decision to cheat on his girlfriend. In the end, the relati"
183,29,108,27.767419815063477,2300.492763519287,"Identify two features of the painting.
The painting depicts a woman in a yellow ", She is speaking with a figure in the background who is not visible. Her face is
184,14,128,33.17856788635254,2725.839376449585,Create a recipe for a dish that combines Mexican and Italian flavors.," The dish should have a unique name, ingredients, and cooking instructions.

**R"
185,30,128,27.141332626342773,2715.8689498901367,"Cite three reputable sources that support the given statement.
The use of plant-"," 
Source 1: According to the Food and Agriculture Organization (FAO) of the Unit"
186,8,128,32.01651573181152,2742.9914474487305,Describe the trope of a tragic hero,".
The tragic hero is the central character of a tragedy, and is usually the prot"
187,7,128,31.679153442382812,2757.2569847106934,How far is Paris from London,"?
The distance between Paris and London is approximately 215 miles (346 kilomete"
188,11,47,30.941247940063477,1006.9873332977295,List the most common properties of a hologram.,"?
1. Three-dimensional (3D) appearance.
2. Can be viewed from different angles.
"
189,35,16,26.104450225830078,323.57072830200195,"Edit the following sentence based on the provided criterion.
“Marc is fascinatin"," The result should be a single word.
“Marc is captivating to talk”"
190,14,40,32.28020668029785,852.92649269104,Generate a valid SQL statement to retrieve all the records in a table,".
SELECT * FROM table_name; 
Hint: Replace table_name with the actual name of yo"
191,19,128,26.841402053833008,2724.749803543091,"Explain the differences between two different things.
Differences between custom", Customer service is focused on creating a positive interaction between the cust
192,12,128,30.254364013671875,2726.3171672821045,What is the best way to protect personal data online?," - Quora
To protect personal data online, consider these best practices: 1. Use "
193,9,128,31.908035278320312,2730.793237686157,Develop a strategy for managing a large project," with multiple stakeholders.
The project management strategy should include the "
194,16,128,31.275510787963867,2724.858522415161,Compile a list of the top 10 highest grossing films of all time,".
Create a chart to visualize movie data such as release date, budget, genre, co"
195,16,84,32.49168395996094,1783.9159965515137,Describe what behavior you think an AI assistant should have when talking to hum," 
An AI assistant should have a positive, friendly, and respectful tone of voice"
196,19,47,25.577068328857422,997.8837966918945,"Generate a code to achieve the specified outcome
Print the sum of the two number",".
Output: 12
Input: 5, 7
def sum_numbers(num1, num2): 
    return num1 + num2 
p"
197,7,128,31.28957748413086,2719.782829284668,Generate sentence using word2vec,"
from gensim.models import Word2Vec
from gensim.models import KeyedVectors
impor"
198,22,21,25.80857276916504,426.5620708465576,"Construct a sentence with the given words, attach punctuation at the end.
Words:",", United, State
Sentence: George can speak for the United State with pride in hi"
199,22,23,26.77011489868164,475.40950775146484,"Classify these five animals into two different groups.
Tiger, Shark, Elephant, W","
Group 1: 
Tiger, Shark, Kangaroo
Group 2:
Elephant, Whale"
200,14,14,32.651662826538086,281.30364418029785,Provide an example of an antonym for the word “happy”,"?
An antonym for the word “happy” is sad."
201,9,128,32.26757049560547,2736.5620136260986,Write a twenty-word poem about hope.," 
Hope is the light in the darkness that shows us there is a brighter tomorrow a"
202,17,128,27.757883071899414,2752.3887157440186,Generate an example of how an AI system could be used for automatic marketing op," Describe the system's goals, data inputs, and outputs.

<---

**System:** AI Ma"
203,12,86,31.36420249938965,1850.9340286254883,Generate five sentence of text describing the benefits of meditation., Meditation has several health benefits that are backed by science. It can reduc
204,14,128,31.82244300842285,2732.7287197113037,"Generate a story based on a historical event.
The Cuban Missile Crisis", of 1962 is a pivotal moment in history when the world came closest to nuclear w
205,19,128,29.461383819580078,2731.3156127929688,"Convert the given input into a complex equation.
4x + 8y = 16","
4x + 8y - 16 = 0
(4x + 8y) - 16 = 0
4x + 8y - 16 = 0
4x - 4x + 8y - 16 = 0
4(x "
206,14,43,31.98409080505371,915.440559387207,Come up with a sentence to describe the consequences of deforestation.," 
The consequences of deforestation are far-reaching, leading to the loss of bio"
207,12,128,30.741453170776367,2736.452102661133,Please provide some tips for writing a good blog post.," 
1. Keep your content concise: A good blog post should be short and to the poin"
208,11,128,30.174732208251953,2758.27956199646,Compare and contrast the American and Chinese education systems., How do these differences and similarities impact the education system in each c
209,19,128,25.25806427001953,2757.887363433838,Generate a list of office supplies that are necessary for a small team of 5 peop," Include the most common items such as pens, pencils, paper, folders, stapler, a"
210,15,110,32.22227096557617,2350.1064777374268,Explain what does it mean to be a citizen of your country?,"?
Being a citizen of a country means you have certain rights and responsibilitie"
211,16,128,32.143354415893555,2743.5648441314697,Compose a few lines of a poem that reflect the colorful beauty of sunrise.," Write it in the first person.
The sky is painted with colors of gold, red, and "
212,33,126,26.83734893798828,2701.7393112182617,"Write a story in less than 100 words using the given characters and setting.
Cha","
The old man had been trekking deep in the jungle for days, and was starting to "
213,21,128,25.302648544311523,2745.936155319214,Meet with the director of a wildlife conservation center and create a short news," 
Name: Ms. Sarah Adams
Position: Director of a Wildlife Conservation Center
Fac"
214,32,11,26.030778884887695,213.7296199798584,"For the given sentence, remove the adjectives from it by replacing them with the"," 
The sun had just set on the horizon."
215,19,87,26.54266357421875,1836.2445831298828,"Given a string, insert a period to indicate the end of a sentence
I like running",".
The input should be ""I like running"". The output should be ""I like running."". "
216,28,128,29.24489974975586,2730.555295944214,"Generate an appropriate explanation to the comment in the code.
def tweet_id_ext","
    # Extract the tweet id from the tweet.
    tweet_id = tweet.split()[0]
    "
217,16,128,31.711339950561523,2727.9834747314453,Create a series of questions to help find out a person's career interests., You can use these questions to help determine what type of job or career they m
218,18,128,27.553319931030273,2755.9714317321777,"Generate a character sketch of a wise old sage, as accurate and detailed as poss"," 
Name: Sageantha
Age: 800
Occupation: Warrior, Seer, Healer
Physical Descriptio"
219,20,4,26.851177215576172,67.49343872070312,"Assign a truth value (true or false) to the following statement:

Money cannot b"," 

True."
220,10,128,32.54961967468262,2723.8731384277344,Create a real-world example of an analogy.," Explain why the analogy is useful and how it illustrates the concept.

## Step "
221,11,128,30.29036521911621,2724.14493560791,List five best practices for setting up a business blog," | Back to basics
A blog is an important communication tool for businesses and c"
222,11,128,30.44748306274414,2762.503147125244,Explain the principal activities within a sales cycle., The sales cycle is the process that a business uses to convert potential custom
223,14,128,32.807111740112305,2732.095956802368,Create a data modeling design for a system to track medical records.," 

## Step 1: Define the scope of the system
The system should be able to track "
224,20,35,28.492212295532227,739.302396774292,"Find the type of flower referenced in the text below.
The house was surrounded b"," 
The type of flower referenced in the text is: 
A. Rose 
B. Orchid 
C. Daisy 
D"
225,14,128,32.868385314941406,2724.3592739105225,"Given two letters, create a three-letter word.
e and r",": Her
a and t: Cat
t and e: Tea
a and l: Alas
l and o: Loop
d and h: Had
c and t"
226,10,128,32.407283782958984,2721.1737632751465,"Convert the input into Morse code.
SOS"," - Three dots, three dashes, three dots.
Hello -.. ---.-.. ---..- -.-. --- -. /."
227,22,52,26.314258575439453,1097.6831912994385,"Add an example to explain this statement.
Organizing data is useful because it h"," For example, if you have a list of students in a class, organizing the data by "
228,13,128,31.87727928161621,2718.8022136688232,Create a customer persona for a business selling expensive antique furniture.," Identify the customer's needs, wants, and pain points.
Customer Persona:
Name: "
229,16,128,32.922983169555664,2732.8360080718994,Identify 3 people who have made significant contributions to the field of roboti,".
Name 3 fields or areas in which robotics can be applied.
Explain one way in wh"
230,13,128,33.23960304260254,2727.7841567993164,"Describe a possible cause of the given symptom.
Migraine"," headaches can be caused by a variety of factors, including genetics, hormonal c"
231,14,19,32.67192840576172,383.5721015930176,Write an example of a problem statement for a software engineering project.," 
(Example: ""Create a mobile app to provide access to educational resources for "
232,9,128,31.31413459777832,2745.577812194824,Provide two strategies for reducing student debt.," Include an evidence-based explanation for each strategy.
Reducing student debt "
233,18,128,27.16541290283203,2736.5334033966064,"Describe the flavor profile (sweetness, tartness, etc.) of a banana.","?
The flavor profile of a banana is sweet with a hint of tartness. Bananas have "
234,22,128,27.335643768310547,2739.3999099731445,"Optimize this query for maximum recall:
SELECT * FROM  table WHERE column1 = ""va"," OR column2 = ""value2"" OR column3 = ""value3"";

Rewritten query for maximum recal"
235,13,128,32.486915588378906,2731.083869934082,Develop a strategy for improving user engagement with an online product.,"  
### Step 1: Analyze User Behavior
Analyze user behavior and track how users i"
236,11,35,30.39407730102539,730.0121784210205,Describe the visible spectrum of light in one sentence., The visible spectrum of light is composed of all the different colors we can se
237,21,73,26.994943618774414,1552.220344543457,Write a survey question to investigate the attitudes of people towards a certain," in the workplace
What do you think is the most important factor for achieving g"
238,16,5,32.453298568725586,86.84420585632324,"Classify this photo as either a landscape or portrait
[Insert photo]"," 
Answer: Portrait"
239,16,30,31.56280517578125,631.1306953430176,Generate a question that someone could ask a new person they have just met.," What is your favorite hobby?
A. Yes
B. No
C. Swimming
D. No answer
Answer: C. S"
240,20,10,26.545286178588867,207.46684074401855,"Identify the language of the text ""Buonasera, il mio nome e Giuseppe.""","?
The language of the text is Italian."
241,16,128,32.79399871826172,2757.7202320098877,Formulate a query to find all the documents containing the term public health.," 
SELECT * FROM `corpus` WHERE document LIKE ""%public health%"" 

Formulate a que"
242,8,18,32.23156929016113,366.9848442077637,Multiply 5 and 6.," 
If you got 30, you are correct. If not, try again!"
243,14,76,32.5624942779541,1618.8163757324219,Make a list of ten items one could find in a kitchen.," How many of the items on the list are actually found in a kitchen? 
1. A televi"
244,8,128,31.9516658782959,2723.5395908355713,Generate a recipe that involves apples.," Include some fun facts about apples.
In this recipe, we use apples to make a de"
245,31,28,28.13243865966797,591.9203758239746,"Generate a creative headline associated with the given news article
After a long", This ruling has been met with celebration among civil rights activists and disa
246,101,78,26.448965072631836,1688.4043216705322,"Guide the robot using the following grid.
Grid:

╔═══╦═══╦═══╗
║ X ║   ║   ║
╠══","

What direction should the robot take from X to Y?
1. Up
2. Down
3. Left
4. Rig"
247,21,27,25.893449783325195,557.1763515472412,"Construct a sentence with the words ""seize"", ""opportunity"", and ""enjoyment""."," 
If you could seize the opportunity to enjoy a beautiful day, you would?
You wo"
248,7,125,31.40401840209961,2669.2724227905273,Produce an analogy for success,".
Success is like a beautiful garden. It takes hard work and dedication to nurtu"
249,16,128,31.48341178894043,2747.546434402466,Generate two arguments debating whether or not a country should ban single-use p," 
Argument 1: A country should ban single-use plastic because it is a major cont"
250,11,128,30.92193603515625,2736.1621856689453,Give an example of an animal that is not endangered," and explain why.
A healthy and abundant example of an animal that is not endang"
251,13,128,32.778263092041016,2740.0996685028076,Please provide a detailed argument for or against the death penalty.," This should be at least 1 page in length.
The death penalty is a highly debated"
252,85,128,26.715755462646484,2746.134042739868,"Given a set of data, generate a report highlighting the key findings.
The compan"," The report found that most customers were satisfied with the products, with onl"
253,44,26,24.438858032226562,542.849063873291,"Add a sentence that transitions between the two paragraphs smoothly.
Paragraph 1"," 
Transition sentence: Having exhausted all her energy reserves, she knew she ne"
254,10,128,31.650543212890625,2746.1202144622803,How did Ancient Egyptians build the pyramids?," They used a combination of ramps, pulleys, and levers to move and position the "
255,25,128,26.79729461669922,2714.3728733062744,"Given a natural language question, generate an appropriate response.
What is the"," 
The best type of music to listen to while studying is typically music that is "
256,10,128,31.07619285583496,2731.903553009033,What is a virtual private network (VPN)?," - Definition
A virtual private network (VPN) is a network that uses encryption "
257,22,128,24.949312210083008,2753.6985874176025,Write a short story of 100 words or less that includes a character who has encou," In the following story, a main character named Alice is traveling in a foreign "
258,18,128,26.198625564575195,2720.4196453094482,"Rewrite the sentence and make the vocabulary more technical
The object is really", The object is of a large size. The object is of a considerable magnitude. The o
259,20,20,26.875972747802734,407.27877616882324,Is the following sentence true or false? All atoms of the same element have the ," True False If true, then explain why. If false, then provide an example of why."
260,17,128,25.633573532104492,2750.511884689331,Create a short story about a person who finds out they can travel through time.," When they travel through time, they find themselves in a world similar to their"
261,11,21,30.853986740112305,440.87982177734375,"Name five technology related companies
< noinput >"," 
1. Microsoft 
2. Google 
3. Amazon 
4. Apple 
5. Facebook"
262,17,128,27.055025100708008,2756.653070449829,"Given two words, name another word that is related to both.
Light, Blue"," Light, Moonlight
Book, Bible, Bookshelf
Cup, Coffee Cup, Teacup
Bird, Eagle, Ow"
263,14,76,32.0589542388916,1620.7122802734375,"Are the following two words synonyms?
Jubilant and ecstatic","
Yes, they are synonyms. They both express a feeling of great joy, triumph, or e"
264,15,128,31.16011619567871,2740.185022354126,"Come up with one way to use the following material:
Cotton fabric","
1. A quilt
2. A decorative pillow
3. A tablecloth
4. A stuffed animal
5. A scar"
265,10,128,31.470060348510742,2729.7186851501465,Tell me a few benefits of eating vegetables.," I can answer a few more if you'd like.
Vegetables are an excellent source of fi"
266,16,57,31.549930572509766,1190.4561519622803,Create a thesis statement for a research paper about the benefits of reading boo," Your thesis statement should be concise and include a few key points.
Example: "
267,19,13,30.365467071533203,261.25431060791016,"Rewrite the given sentence to use a modal auxiliary verb.
I must eat healthier f"," 
She should study harder. 
He can do better."
268,14,117,32.20820426940918,2485.1858615875244,Create a close-ended prompt for a chatbot about sports news.," 

Here is an example: ""Who won the World Series in 2020?"" 

Example Response: """
269,11,128,30.48110008239746,2726.1130809783936,What are the downsides of getting a tattoo?," - Advice From a Tattoo Artist
What are the downsides of getting a tattoo? - Adv"
270,10,37,31.938791275024414,780.4982662200928,Give 4 strategies to promote customer loyalty.," 
Strategy 1: Offer Rewards Programs 
Strategy 2: Create Personalized Experience"
271,8,120,31.052827835083008,2544.224739074707,Name three benefits of being bilingual.," What are they?
1. Brainpower: Being bilingual increases cognitive skills such a"
272,12,128,30.745744705200195,2723.5729694366455,Describe a time when you have feared for your life.," What did you do?
I have never feared for my life, but I have been in situations"
273,27,14,27.68230438232422,297.7781295776367,"Given two strings, determine the largest palindromic substring
String 1: madam
S","

Output: 
Output: madam
Output: abba"
274,51,123,26.164531707763672,2616.3783073425293,Identify the controversy in the following passage and explain why it's controver," 
The controversy in this passage is the claim that the current presidential ele"
275,39,128,27.666807174682617,2737.874746322632,"Analyze and compare the following two paintings.
Painting 1: Monet’s “Water Lili"," 
The two paintings, Monet’s “Water Lilies” and Renoir’s “Dance at Bougival,” ar"
276,46,128,25.794267654418945,2751.5721321105957,"Reverse engineer the following code and explain the logic of it.
def find_smalle","
def isDivisible(x, n):
    if x % n == 0:
        return True
    else:
       "
277,8,128,31.528472900390625,2737.9000186920166,Automatically generate a random PIN code,"
A random PIN code will be generated below. You can use this code to protect you"
278,25,75,25.76303482055664,1599.32279586792,"Name the type of poem that the given words are used in.
Words: Roses are red, vi","
Type of Poem: Sonnet
Explanation: A sonnet is a type of poem that consists of 1"
279,12,128,30.172109603881836,2742.117404937744,Describe how the role of history in today's world., History plays a significant role in today's world that can be observed in many 
280,10,100,32.996177673339844,2141.2336826324463,"Generate a proverb starting with ""Beauty is...""","?
Beauty is only skin-deep.
No, I was looking for something else. How about ""Bea"
281,8,128,31.668663024902344,2728.196620941162,What is a Black Swan event?," A Black Swan event is an unexpected, unpredictable event that has a significant"
282,11,33,31.581878662109375,698.2917785644531,List three safety measures for driving in icy conditions.," 
Answer: 
1. Slow down and increase your following distance. 
2. Avoid making s"
283,19,115,27.138471603393555,2449.8422145843506,"Following the input, generate a mathematical equation that describes a linear re",": Y = 0.5X + 2.4
Explanation: In the equation, X represents the input variable, "
284,16,128,31.332731246948242,2748.1637001037598,Explain why democracy is more suitable for running a country than a dictatorship," In your response, provide examples and provide a detailed explanation.
Democrac"
285,15,128,31.612396240234375,2742.8274154663086,Write a story about a fisherman who lived in a small village.," (300 words)
The sun was setting over the small village, casting a warm orange g"
286,12,128,30.636072158813477,2747.8668689727783,"Convert this quantity into its equivalent in liters.
42 ounces"," = 1.24 liters
0.94 liters = 32 ounces
1 gallon = 3.785 liters
1.5 liters = 0.64"
287,11,128,30.160903930664062,2754.666328430176,Generate an example of a well-written blog post.," This example should include a topic, introduction, body, conclusion, and call t"
288,25,47,25.943756103515625,985.804557800293,"Explain the relationship between the nouns and pronouns in the sentence ""Jennife","?
The nouns in the sentence are ""Jennifer"" and ""Tom"". The pronouns are ""she"". Th"
289,30,22,29.855012893676758,460.9510898590088,"Identify the type of the following sentence, whether it is a question, exclamati"," 
A. Question 
B. Exclamation 
C. Statement 
The correct answer is A. Question"
290,10,128,31.309127807617188,2721.72212600708,Describe a process for troubleshooting a computer issue.," Please provide a step-by-step guide.
Troubleshooting a computer issue can be a "
291,8,56,31.25762939453125,1191.7054653167725,Name 3 properties of water.," What is the chemical formula for water?
Name three properties of water: High Sp"
292,18,128,26.007413864135742,2725.0006198883057,Explain the significance of the Battle of Tsushima in the Russo-Japanese war.," What were the consequences of the battle?
The Battle of Tsushima was a pivotal "
293,51,85,24.93572235107422,1813.4188652038574,"Summarize the article about the prediction of political elections.
In this artic", The model was trained on historical data from various elections and then used t
294,16,128,32.00054168701172,2745.6629276275635,Come up with five questions about the BP oil spill for a trivia game.," Good luck!
Q1: What was the name given to the oil spill that occurred off the c"
295,17,58,25.280475616455078,1243.7396049499512,Generate a headline for a news story about the recent changes in the art world.," 

*Example: The Art World's New Era: How Emerging Technologies Are Revolutioniz"
296,10,72,31.63433074951172,1537.8928184509277,Write one way to save energy at home.," 
Use energy-efficient light bulbs. 
By switching to energy-efficient light bulb"
297,12,128,31.036376953125,2727.6220321655273,Write a slide title for a presentation about online learning.," The title should be concise and informative.
Online Learning: Unlocking the Pow"
298,18,25,27.633190155029297,517.9705619812012,"Apply a sentiment analysis to the following phrase.
""I am extremely happy about "," 
Response: Positive Sentiment. 
Explanation: The phrase expresses a strong feel"
299,25,99,26.35931968688965,2104.069948196411,"Rewrite the given passage using new vocabulary words.
The ship shifted and swaye"," The wind was howling, and the rain pounded against the ship's hull, threatening"
300,17,128,27.593612670898438,2730.7677268981934,"Can you suggest dishes based on the ingredients given?
chicken, peppers, garlic",", tomatoes, mushrooms, onions
Here are a few ideas: 
1. Chicken and Vegetable St"
301,30,128,25.88677406311035,2738.656520843506,"Indicate how the following characters in the novel reflect the theme of ""the cor",", reflects the theme of the corrupting influence of power as he is driven by gre"
302,9,128,31.016826629638672,2710.6571197509766,Tell the similarities between plants and animals.," They are both living organisms, and they both need food, oxygen, and water to s"
303,10,8,31.467914581298828,152.55308151245117,Name one example of a non-human primate,".
Answer: A chimpanzee."
304,8,47,31.212329864501953,980.1225662231445,Generate a sentence for greeting a customer," who has come to your store.
I am happy to assist you with anything you need.
Ho"
305,8,128,31.07142448425293,2735.7726097106934,How to make spicy buffalo sauce?," | Homemade buffalo sauce recipe!
Homemade Buffalo Sauce Recipe that's easy and "
306,32,6,25.26569366455078,108.16073417663574,"Given the data below, predict the output.
x = 5
y = 3
z = 2

Result = x + y * z","
Output: 11"
307,16,128,32.56964683532715,2737.6086711883545,"Write an original story involving two frogs, a cat, and a bear."," This story should be over 400 words.
Once upon a time, in a dense and vibrant f"
308,41,61,27.905941009521484,1302.6747703552246,"Given a list of values, calculate the mean.

Input: 82, 23, 55, 64, 71
82, 23, 5","
Output: 55
Explanation: 
The mean of the list is calculated as (82+23+55+64+71)"
309,21,24,29.01744842529297,498.2898235321045,"Suppose you heard some news about a pandemic, how would you express the concern ", I would be worried about the potential spread of the pandemic and the impact it
310,16,32,31.54897689819336,674.3350028991699,"Take the existing sentence and rephrase it
We should avoid sugary snacks"," as much as possible.
We should minimize our intake of sugary snacks.
Rephrased "
311,23,38,26.795387268066406,798.370361328125,"Improve the following document per style and readability guidelines.
the newspap"," and columns, if you haven't already you should get a copy.
The newspaper is ful"
312,13,30,31.744718551635742,631.1032772064209,How would you search for a paper in a scholarly database?," 
A. By author name
B. By title of paper
C. By keyword 
D. All of the above 
Ans"
313,14,115,32.396554946899414,2460.487127304077,Refute the following claim: Fruits are not healthy snacks.," Provide evidence to support your argument.
Fruits are indeed healthy snacks. Th"
314,27,73,27.48274803161621,1556.2851428985596,"Given an array of integers, find the lowest value
[19, 8, 6, -3, 11]"," Output: -3
[1, 5, 0, -5] Output: -5
[10, -7, -2, 0] Output: -7
[0, 4, -8, -3] O"
315,26,128,27.25362777709961,2759.007453918457,"Given a set of ingredients, come up with a recipe that produces a tasty treat.
F",", baking powder, baking soda, salt, vanilla extract, milk, chocolate chips.
Reci"
316,10,128,31.05759620666504,2734.3692779541016,Propose a strategy to solve global poverty.," - PowerPoint PPT Presentation
Propose a strategy to solve global poverty. 
Slid"
317,15,128,32.00507164001465,2765.500783920288,Compare and contrast the differences between supervised and unsupervised machine," Please provide an example of each.
Supervised machine learning involves the use"
318,29,2,26.895761489868164,22.333383560180664,"Edit the following sentence: ""I am feeling happy and excited to start this journ",
319,14,128,31.953811645507812,2757.420539855957,Summarize the Rome Statute of the International Criminal Court., The Rome Statute of the International Criminal Court is an international treaty
320,41,73,26.246070861816406,1551.00417137146,Add a sentence to the end of the given paragraph to bring clarity to the argumen,". As a result, we are unable to retain information for long periods of time, whi"
321,18,77,27.521133422851562,1644.735336303711,"Categorize the list into three categories.
Carrots, oranges, apples, spinach",", tomatoes, beets, broccoli, grapefruit, bananas, sweet potatoes, and berries.
T"
322,12,128,31.015396118164062,2715.41690826416,What is the relationship between an insurer and an insured?,"?
The relationship between an insurer and an insured is a contractual relationsh"
323,11,128,31.152009963989258,2732.8736782073975,What are the main advantages of learning to code?,":
1. Increased job prospects: Coding is an in-demand skill, and mastering it can"
324,14,45,32.97901153564453,960.2432250976562,"Generate a wish for someone's birthday.
Recipient: My Best Friend","
Wish: I hope you have an amazing day filled with joy, love, and good food! Happ"
325,28,93,27.26006507873535,1985.0640296936035,"Generate the output given the program code.
num1 = 2
num2 = 4
print(num1 + num2)","  # Output: 6
print(num1 - num2)  # Output: -2
print(num1 * num2)  # Output: 8
p"
326,22,44,27.257919311523438,918.3464050292969,"Sort the following song titles in chronological order.
Let it Be, Hey Jude, Comi",", Here Comes the Sun
Answer: 
Paperback Writer (1966), Hey Jude (1968), Let it B"
327,24,128,27.18496322631836,2722.341537475586,"Determine the banking details of the New York branch.
Bank Name: Bank of America"," Branch
Branch Address: 100 Wall Street,New York, NY 10005-3700
Branch Phone: (2"
328,42,119,25.400400161743164,2535.170555114746,"How does the protagonist feel towards the end of the book?
Josh has been struggl"," He has become isolated and withdrawn, unable to explain the pain he feels insid"
329,9,118,31.113862991333008,2527.920722961426,Please generate an extended metaphor for knowledge.," 
Knowledge is a river, constantly flowing and changing, with new tributaries jo"
330,54,128,30.30705451965332,2742.0597076416016,"Identify the mistakes (if any) in the library management system design below.
Th", The system should be able to provide reports on the total number of books issue
331,22,8,28.288841247558594,155.93624114990234,"Paraphrase the following sentence in 5 words or less.
I am preparing for my upco", -> Preparing for my exams.
332,20,128,26.502370834350586,2742.7408695220947,"Rewrite the following sentences to make them active voice.
The project has been "," 
I completed the project. 
The paper was written by the professor. 
The profess"
333,22,127,25.449752807617188,2721.895456314087,"Use the following vocabulary words to create a sentence: “transparency”, “struct"," 
What is an example of transparency in a business? 
An example of transparency "
334,46,53,26.113033294677734,1120.4237937927246,Compare the two shipping methods below and provide which one should be used in a,"
Shipping Method A should be used in a case where:
The customer has plenty of ti"
335,29,29,25.077104568481445,613.1064891815186,"Given a sentence, reduce the length of the sentence using proper grammar.
She we"," 
She had never been to the store before. 
She had never been to a store before."
336,16,2,31.716108322143555,21.72088623046875,"What is the result of 17*14, expressed as a decimal?",
337,22,47,24.63531494140625,989.957332611084,"Given two numerical values, calculate the percentage increase.
Original value: 2","
Percentage Increase = ((new value - original value) / original value) x 100
Per"
338,15,83,31.27884864807129,1771.6896533966064,Write code to display all the prime numbers from 1 to 100,"
Write a code to display all the prime numbers from 1 to 100.
def is_prime(n):
 "
339,12,118,30.026912689208984,2515.5656337738037,Convert 30 kilometers per hour to meters per second.,"?
## Step 1: Determine the conversion rate
To convert kilometers per hour to met"
340,8,128,31.667232513427734,2725.5284786224365,Provide a scientific definition of entropy.,"  
Entropy is a measure of the disorder or randomness in a system. It is used to"
341,26,128,26.388168334960938,2731.2405109405518,"Classify the following text as a news article, review, or opinion.
This new rest", Their food is amazing and the staff is super friendly. It's the perfect place t
342,11,128,31.09908103942871,2720.2959060668945,What is the ideal length of a blog post?," It’s a question many marketers, bloggers, and writers ask. While there’s no one"
343,9,128,31.46195411682129,2727.2706031799316,Create a story about a parrot.," It should be about 250 words and include the following elements: a parrot, a tr"
344,19,112,25.74944496154785,2362.3156547546387,Generate an example of a data set with 100 records of customers and their corres," 
Data Set:
| Customer ID | Occupation |
|-------------|------------|
| 1       "
345,13,110,32.34434127807617,2329.244613647461,Give an example of an event that could represent a new beginning," or a new chapter in someone's life.
A wedding could represent a new beginning o"
346,14,127,32.180070877075195,2749.3419647216797,"Construct a survey that meets the given criterion.
Survey about online shopping"," habits
1. What is your favorite online store?
2. How often do you shop online?
"
347,30,10,26.37195587158203,196.61521911621094,"Summarize the sentence in two sentences, each containing fewer than 7 words.
The", The plot twists made it hard to follow.
348,18,128,26.952266693115234,2751.162052154541,"Identify the sentence structure and output the appropriate label.
He answered th"," – SVO (Verb-Object-Subject)
He quickly answered the questions. – SVO (Verb-Obje"
349,15,19,31.771421432495117,387.0077133178711,"Generate a sentence that contains the given words.
magic, castle, king","
The king of the magic castle ruled over the kingdom with a fierce yet just hand"
350,36,56,27.04143524169922,1196.6629028320312,"Re-arrange the following sentences to make a complete, cohesive paragraph.
The f"," They had been driving for hours, so they decided to wait until morning to conti"
351,9,128,32.369136810302734,2740.356922149658,Convert 10kgs to ounces.," There are 35.274 oz in 1 kg, so: 10 kg = 10 x 35.274 oz = 352.74 oz. Therefore "
352,93,22,27.860164642333984,453.66597175598145,"Output a summary of the paragraph.
Powerful and yet surprisingly easy to use, cl"," With its ease, flexibility, and scalability, cloud computing has become an esse"
353,8,128,31.919002532958984,2734.9231243133545,Create a metaphor that illustrates grief.," Help explain the grief process using that metaphor.
The grief process can be li"
354,18,128,25.339841842651367,2735.597848892212,"Compress a web page content
The webpage content includes text, images and videos"," To compress the content, first compress the text by removing unnecessary words "
355,13,27,32.543182373046875,555.3884506225586,Identify three prime numbers between 1 and 10.," What are the numbers?
The three prime numbers between 1 and 10 are 2, 3, and 5."
356,14,128,32.56702423095703,2735.427141189575,"Convert the following Euro amount to US Dollar
126.99 Euro", = 145.72 USD (approximate conversion rate may vary based on current market tren
357,17,128,26.278018951416016,2743.206024169922,"Create a list of six strategies to promote a given social cause.
Ending world hu", is a pressing social issue that demands attention and action from all of us. Sh
358,24,128,25.919437408447266,2742.5622940063477,"Create a timeline that shows the key events of the given history.
The history of", began to gain momentum in the late 19th century with the formation of the Natio
359,13,49,31.868457794189453,1039.3564701080322,Generate a table of the first five powers of 2.," You may also use a calculator to check your answer. 
X | 2^X
0 | 1
1 | 2
2 | 4
"
360,14,98,32.81760215759277,2090.0111198425293,Calculate the probability of getting two heads in four coin tosses.," Assuming each toss is independent, the probability of getting heads on a single"
361,24,128,25.64382553100586,2750.5197525024414,"Calculate the area of a triangle with side lengths of 3 cm, 4 cm, and 5 cm."," Show your work and include the answer.
## Step 1: Recall the formula to calcula"
362,26,128,26.64017677307129,2726.8216609954834,"Given a description of the symptom, suggest the best way to manage it.
I am feel"," What can I do to feel more energized?
Eat a nutritious diet rich in fruits, veg"
363,7,41,31.162261962890625,874.2067813873291,Create a pizza topping combination.," You can pick from a variety of toppings such as peppers, onions, mushrooms, oli"
364,13,128,31.821727752685547,2731.358289718628,Generate a list of appropriate safety precautions to take while sailing.," Suggest at least 5.
Safety Precautions for Sailing:
1. Always wear a life jacke"
365,11,63,30.527591705322266,1348.8712310791016,List 3 advantages of using machine learning models.," 
1. Improved accuracy: Machine learning models can improve accuracy by leveragi"
366,10,128,31.372785568237305,2763.1125450134277,Write a short story featuring an enchanted sword.," (min 200 words)
Title: The Sword of Light
Once upon a time, in a mystical realm"
367,10,72,30.735015869140625,1544.1477298736572,Create a web page to display a portfolio.," 

### Task:
Create a web page to display a portfolio.
### Input:
No input provi"
368,11,128,29.862642288208008,2741.135835647583,Construct an argument against the commercialization of sports.," Give at least five reasons why it is a bad idea.
Sports are meant to be enjoyed"
369,15,128,31.704187393188477,2757.3060989379883,Generate a plausible title for a movie starring a character named Arjun.," Arjun is a former detective who is now running a small antique shop.
Title: ""Th"
370,12,128,30.2121639251709,2750.3628730773926,How can I stay calm when I am feeling overwhelmed?," | Learn how to stay calm during stressful situations.
We all experience stressf"
371,12,128,30.09343147277832,2731.760025024414,Name the peak that has the greatest elevation in the world,"?
Mount Everest is the world's highest peak at an elevation of 8,848 m (29,029 f"
372,23,15,27.849674224853516,301.7256259918213,"Create a headline that conveys the meaning of this sentence.
The government has "," This headline could be: ""Minimum Wage Increase Announced by Government""."
373,24,59,27.884721755981445,1245.948314666748,"Group the following countries into EU (European Union) and non-EU countries.
Ger",", Spain, Belgium, Italy, Portugal, Ireland, Greece, Croatia, Hungary, Romania, T"
374,13,15,32.129764556884766,313.5058879852295,Come up with three adjectives to describe the color red.," 
3. Vibrant
4. Bold
5. Intense"
375,13,128,33.16783905029297,2712.251901626587,Generate a list of three ideas to keep the house clean., - Get some help from the family to divide up chores. - Implement a cleaning rou
376,9,128,31.530380249023438,2724.727153778076,Name four key components of a computer.," Explain how each component works and its importance to the system.
A. Central P"
377,20,65,26.2908935546875,1389.270305633545,"Can you make a word cloud out of these three words: art, beauty, and imagination"," 

Yes, I can create a word cloud for you. Here is a word cloud of the words art"
378,14,128,32.77730941772461,2712.374210357666,Generate a report summarizing the sales performance in the past quarter.," The report should include an overview of the company's sales figures, key perfo"
379,11,128,31.059741973876953,2736.859083175659,"Classify the following healthy food item
Sushi","
Answer: Japanese dish made from vinegared rice and various fillings. It is usua"
380,10,128,31.66508674621582,2745.511770248413,"Generate a new Wikipedia article
The Tibetan Wolf", (Canis lupus chanco) is a subspecies of gray wolf that is found in the mountain
381,11,128,29.829978942871094,2723.4582901000977,How can machines be used to reduce carbon emissions?," There are many ways in which machines can be used to reduce carbon emissions, s"
382,20,53,25.19369125366211,1112.5590801239014,"Generate a creative, on-brand headline for a blog post about how to save money o"," 
I'd like the ""Grocery Savings Master"" headline to be rewritten to be more crea"
383,35,20,26.77321434020996,411.49115562438965,"Given two sentences, rewrite them using the same ideas but different words.
She "," 

She was struggling to move on from the split. The recovery was a laborious pr"
384,38,2,26.564836502075195,23.432016372680664,"Given a sentence and a keyword, edit the sentence so that the keyword appears at",
385,16,11,31.5549373626709,216.64881706237793,"Turn this sentence into a tagline
We believe in the power of music"," to transform lives.
Transform Your Life with Music."
386,14,128,31.891822814941406,2734.6513271331787,Find an example of an organization working to provide aid to refugees.," Describe their mission, goals, and strategies.
Organization: International Resc"
387,14,128,31.986236572265625,2722.508668899536,Describe the biggest challenge you could face in a remote working environment.,"?
Describe the biggest challenge you could face in a remote working environment?"
388,23,128,28.172016143798828,2772.9461193084717,"Explain why the author is opposed to this plan.
The author proposed an alternati"," Explain why the author is opposed to the plan.
The author is opposed to the pla"
389,12,125,29.76083755493164,2677.475690841675,Find and describe a quick fix for a leaky faucet,".
A quick fix for a leaky faucet is to replace the worn-out or damaged O-ring an"
390,7,128,31.901121139526367,2714.229106903076,Design a new fitness program.," Outline the program including the objectives, activities and training technique"
391,12,128,30.18331527709961,2732.2959899902344,Provide an example of how peer pressure can be negative., Provide an example of how peer pressure can be positive. Provide an example of 
392,23,21,27.44293212890625,428.85708808898926,Identify the mistakes in the following sentence and suggest how to correct them.," in town.
The sentence should be corrected to:
This restaurant has the best past"
393,15,127,31.833648681640625,2718.188524246216,"Explain the differences between synaptic plasticity, habituation and adaptation.","?
Synaptic plasticity is the ability of the connections between neurons to chang"
394,7,122,31.534433364868164,2591.797351837158,Write five facts about pandas.," 
-1. Pandas are native to China and are considered an endangered species due to"
395,24,60,26.78704261779785,1268.3117389678955,Please provide an example of how the following phrase can be used in a sentence:," 
Once in a blue moon, the moon will be visible in the sky at night. 
This phras"
396,12,70,31.098604202270508,1487.9224300384521,Create a program to categorize animals into different groups.," 

### Input:
input_animal = [""Lion"", ""Anteater"", ""Dolphin"", ""Snake"", ""Cheetah""]"
397,12,128,29.890775680541992,2738.638401031494,Summarize the latest news about the stock market.," What are the biggest trends and predictions for the future?
The latest news abo"
398,16,10,31.238794326782227,192.83437728881836,"Rephrase the sentence using different words.
He was extremely attracted to her."," 
He had a strong fascination for her."
399,12,128,30.547618865966797,2730.6227684020996,Provide an example of a third-person point of view.," Provide an explanation of the third-person point of view.
An example of a third"
400,14,128,32.12308883666992,2728.670120239258,Describe the relationship between two characters from the novel you are reading.," How do they interact and influence each other?
I am reading the novel ""The Catc"
401,16,128,31.81147575378418,2727.7657985687256,Explain the differences between a Static Web page and a Dynamic Web page.," How does a Dynamic Web page differ from a Static Web page?
A Static Web page is"
402,10,51,31.09145164489746,1065.8044815063477,Name five web technologies used for web development.," 
1. HTML 
2. CSS 
3. JavaScript 
4. PHP 
5. SQL 

Name five web development fra"
403,14,88,32.140254974365234,1861.1304759979248,Write a few sentences describing how to make a cup of tea.," What ingredients are needed and what steps should be taken?
To make a cup of te"
404,13,60,33.04147720336914,1273.1094360351562,Tell me what 'Schadenfreude' refers to.," 
Schadenfreude is the feeling of pleasure or joy derived from seeing someone el"
405,14,98,32.34601020812988,2080.5797576904297,What is the difference between a direct object and an indirect object?," An example would be helpful.
The direct object is the action or object to which"
406,16,9,32.279253005981445,177.57368087768555,Rewrite this sentence in the future perfect tense: She has seen the movie,"
She will have seen the movie."
407,9,25,31.442642211914062,523.4122276306152,List five objects found in a kitchen.," 
1. Toaster
2. Blender
3. Microwave
4. Frying pan
5. Coffee maker"
408,12,128,30.281543731689453,2734.4815731048584,List the steps to remove a stain from a fabric.," Include the acting ingredient for each step.
Step 1: Identify the type of stain"
409,10,128,30.97677230834961,2760.3988647460938,Find a creative way to promote a business.," Develop a marketing campaign that will create awareness, generate leads, and dr"
410,34,95,28.04708480834961,2021.0723876953125,"Merge the two lists below into a list of tuples
list1 = [""apple"",""orange"",""banan"," 
output = [(""apple"",""red""),(""orange"",""green""),(""banana"",""yellow"")] 
print(outpu"
411,15,50,31.66651725769043,1079.0061950683594,"Return the XML tag for a given input sentence.
This is a heading","
This is a subheading
This is a sub-subheading
This is a sub-sub-subheading
This"
412,29,17,26.075124740600586,343.0478572845459,"Create a headline for the given story.
Story: After years of uncertainty, the en"," 
Headline: Pumas Make Big Comeback After Years of Struggle."
413,14,24,32.56559371948242,505.7227611541748,"What verb do you use with the word ""inevitable""?","?
Answer: Should be the verb ""seems"".
Example: It seems inevitable that the proj"
414,18,87,28.62095832824707,1863.671064376831,"Generate a series of meaningful sentences using the given phrase.
""making my way"," 
1. She was making her way downtown, determined to get to her destination.
2. A"
415,17,28,27.051448822021484,591.0062789916992,Construct a query to find an article about the economic benefits of renewable en," 
SELECT * FROM articles 
WHERE title LIKE '%economic benefits of renewable ener"
416,15,17,31.504154205322266,343.1851863861084,"Identify the subject and make a descriptive sentence
A big brown bear","
The big brown bear is a majestic creature with a powerful and rugged presence."
417,14,128,32.62925148010254,2753.5154819488525,Design a game where the goal is to find the missing item., The item should be hidden in a location which the player cannot see but can sen
418,31,2,26.632070541381836,22.274017333984375,"Summarize the article in one sentence (less than 10 words).
The article discusse",
419,40,27,28.46384048461914,564.8210048675537,"Categorize this article into one of the following categories: sports, entertainm"," It is an event filled with excitement and entertainment, as well as an opportun"
420,18,128,25.887012481689453,2734.560012817383,Explain the core concepts of Machine Learning to an audiences consisting of a la," In particular, focus on supervised machine learning.

**What is Machine Learnin"
421,7,128,30.93242645263672,2743.190050125122,Create a menu for breakfast.," Then, create a recipe for each item on the menu. Resources should include cookb"
422,12,76,30.472755432128906,1622.016191482544,Edit the sentence “She visits to the beach everyday”," to make it more correct.
She visits the beach every day. 
Explanation: The corr"
423,13,77,31.646013259887695,1616.9154644012451,Create a shopping list for a weekend trip to the beach.," Don't forget sunscreen, sunglasses, and a swimsuit. You should also bring a bea"
424,13,82,32.95326232910156,1719.1109657287598,Generate code to add a background gradient to a rectangular block.," The background gradient should be from top to bottom.
The gradient should go fr"
425,8,97,31.47268295288086,2057.1160316467285,Summarize what Kaggle is," and what it offers.
Kaggle is a platform for data science competitions, hosting"
426,6,128,29.489994049072266,2745.971918106079,Configure a wireless router., A wireless router is a great way to set up a network in your home. Follow these
427,28,15,27.90069580078125,302.57248878479004,"Reorder the list of item according to the given criteria.
razor, toothbrush, sha","
Answer: 
shampoo, moisturizer, razor, toothbrush"
428,11,64,30.26866912841797,1371.5744018554688,Create a script to remove all vowels from a string,"
Remove Vowels Function
def remove_vowels(s):
    vowels = 'aeiouAEIOU'
    retu"
429,8,33,31.02278709411621,689.4805431365967,List three facts about Thomas Edison.," Thomas Edison was born on February 11, 1847. He developed the first practical i"
430,18,22,26.781082153320312,446.75207138061523,"Generate a sentence using the words 'ceiling', 'window', 'frost'"," and 'winter'. 
The frost on the window made it difficult to see the ceiling in "
431,7,128,30.843257904052734,2737.6186847686768,Name five U.S. presidents," who served two terms in office.
George Washington, Thomas Jefferson, Woodrow Wi"
432,14,94,32.58776664733887,2018.003225326538,Provide three examples of plants that are native to the United States.,"  The plants should be from different regions of the country.
1. The California "
433,20,128,26.467561721801758,2758.2993507385254,Explain the limitations of using GPT models compared to other types of natural l," Discuss the reasons for these limitations.
GPT (Generative Pre-trained Transfor"
434,9,127,31.790733337402344,2734.248161315918,Design a poster for a social media campaign," to promote digital literacy
Design a poster that encourages people to take part"
435,11,42,30.57122230529785,885.3821754455566,Generate a joke about a doctor and a patient.," Joke: Doctor: ""I'm afraid you have a long recovery ahead of you."" Patient: ""Wha"
436,19,10,25.335073471069336,193.30906867980957,"Take the following string and convert it to the corresponding integer: ""126"".
""1", converted to an integer is: 126.
437,17,118,29.875516891479492,2523.8304138183594,Provide a list of 5 items that you should always carry in your bag., This list should include items that will help you be prepared for unexpected si
438,21,128,27.661561965942383,2732.9721450805664,Generate a conversation in a natural language like a journalist interviewing an ," The conversation may contain questions and responses, examples, and opinions. T"
439,35,128,26.52573585510254,2725.051164627075,"Classify what type of composition is presented in the given text.
This is a poem"," It is written in free verse, that is, without a regular rhyme or meter. The poe"
440,79,128,26.795387268066406,2739.246368408203,"Describe the overall purpose of the code snippet.
def quick_sort(arr): 
    if l"," 
This is a code snippet implementing a quicksort algorithm. The algorithm sorts"
441,10,56,31.81147575378418,1173.6712455749512,Name three important figures in the American Revolution.," George Washington, Benjamin Franklin, and Thomas Jefferson. What were they famo"
442,24,128,26.623249053955078,2739.809036254883,"What type of document is this?
This is a memo from a manager to his team, discus", The document is likely used as an internal communication tool to inform the tea
443,14,128,32.05370903015137,2750.7693767547607,"Give a brief explanation about a given topic.
History of the internet","
The internet has a history that spans over six decades. It began in the 1960s a"
444,8,128,31.223058700561523,2745.4020977020264,Describe a memorable holiday you had.," What made it special?
I had a memorable holiday in Southeast Asia, particularly"
445,12,128,31.173229217529297,2727.8337478637695,Suggest a good title for a document about resumes.," 
Title: ""Crafting an Exceptional Resume to Get Noticed"" 
Title: ""Resume Writing"
446,8,128,32.68575668334961,2740.821361541748,Retrieve information about the Democratic party.," This includes its history, platforms, major figures and other relevant details."
447,11,128,30.77983856201172,2735.287666320801,What activities would you do to help the environment?," Here are some ideas to get you started.
Helping the environment is a great way "
448,18,113,28.975248336791992,2419.395923614502,"Compose a 50-word story using the given sentence starter.
Once upon a time,", there lived a girl who was so curious and adventurous that she set out to explo
449,11,128,29.674053192138672,2737.3805046081543,Name five civil rights activists of the twentieth century.," Define what civil rights means.
Civil rights activists are individuals who figh"
450,19,128,26.758909225463867,2750.6344318389893,"Arrange the following items in order from least to most expensive.
Car
Book
Dres","
Phone
Wedding Dress
Computer
Shoes
Watch
Jacket
Bicycle
TV
Table
Chair
Desk
Bed"
451,13,128,31.988143920898438,2733.186960220337,Evaluate how helping someone can make a difference in their life.," Explain how helping a person can also impact you positively.
Helping someone in"
452,109,2,27.88567543029785,22.602558135986328,"Summarize the given text.
Output should be less than 80 words.
The iPad Pro has ",
453,18,128,28.67746353149414,2729.759454727173,Research and explain how blockchain-based networks can be used to solve the doub, The double spending problem is the challenge of ensuring that a digital currenc
454,19,39,26.30615234375,835.2334499359131,"Summarize the book ""The Catcher in the Rye"" in one sentence."," The Catcher in the Rye is a coming-of-age novel where the protagonist, Holden C"
455,11,128,30.79819679260254,2740.7166957855225,Explain how to write a good thesis statement.," What are some examples of thesis statements?
A thesis statement is an argument "
456,13,128,33.16330909729004,2736.314535140991,"Rewrite this sentence in complex grammar.
Today is Wednesday."," It is the third day of the week. Yesterday was Tuesday, and the day before that"
457,37,49,26.16429328918457,1058.8552951812744,"Given a hypothetical scenario, come up with the most likely opinion of a person."," Anxious and isolated. They would be worried about how to stay safe, how to stay"
458,17,73,27.599334716796875,1552.0999431610107,"From the following sentence, extract the adverb.
She spoke kindly to him."," 
The adverb here is ""kindly"". 
Note: An adverb is a word that modifies a verb, "
459,9,128,32.08470344543457,2746.1862564086914,Write a story about an inspiring person.," 

Inspiring stories of remarkable people help us reflect on our own lives and t"
460,9,128,30.910015106201172,2729.6836376190186,Are there any continents larger than Africa?," No, Africa is the second-largest continent in the world, covering an area of 30"
461,20,128,27.142047882080078,2718.872308731079,"State the differences between two given objects.
Object 1: Apple, Object 2: Oran","
- An apple is a sweet, juicy fruit that grows on apple trees. It has a red, gre"
462,12,128,30.32374382019043,2722.8288650512695,How does  AI help to optimize online shopping experiences?,"  
AI can optimize online shopping experiences by providing personalized recomme"
463,16,42,31.346797943115234,888.5447978973389,"Categorize the following items: dog, cat, apple, mouse."," 

<noinput>
The items are: 
- dog
- cat
- apple
- mouse

Categories: 
- Fruits:"
464,10,40,32.37152099609375,852.0870208740234,Generate a sentence about the future of transportation.," For example: ""The future of transportation will be powered by electric vehicles"
465,25,18,28.098344802856445,366.67490005493164,Analyze the given sentence and determine whether it is grammatically correct or ," 
Response:
Incorrect. The sentence should be ""He had to renew his license."""
466,20,8,27.11319923400879,161.4840030670166,"Re-write the following sentence using verbs in the past tense.
I have bought a n"," 
I bought a new car."
467,14,42,33.02311897277832,886.786937713623,Name five different websites that offer online streaming of movies and shows.," 
1. Netflix
2. Amazon Prime
3. Hulu
4. Disney+
5. HBO Max
7. Apple TV
8. Vudu
9"
468,13,91,32.33838081359863,1938.8699531555176,Summarize the causes of WWI in three points.,"?
1. Imperialism: Alliances between European powers to protect their interests a"
469,20,43,27.359724044799805,905.2231311798096,"Create a poem about autumn using the words ""orange,"" ""leaves"" and ""cold."""," 

Autumn brings forth a vibrant orange glow,
Leaves rustle, as they begin to le"
470,15,128,31.70037269592285,2747.7505207061768,Explain how artificial intelligence can be used to shape the future of marketing,".
Artificial intelligence (AI) has the potential to revolutionize the marketing "
471,82,128,26.809215545654297,2741.746664047241,"Modify the following recipe to make it healthier.
Chocolate Chip Cookies
Ingredi","

Steps:
1. Preheat oven to 375°F (190°C). Line a baking sheet with parchment pa"
472,32,128,26.241540908813477,2751.6019344329834,"Suggest a debugging strategy for identifying the bug in the following code.
def "," 

say_hello() 

# The output should be:
# Hello world!
# Goodbye world 
# Howev"
473,14,128,32.63568878173828,2731.4319610595703,What are the common techniques for solving a system of linear equations?," There are several techniques for solving systems of linear equations, including"
474,12,128,29.57463264465332,2732.9277992248535,Write a description of what a human heart looks like., The human heart is a muscular organ that pumps blood throughout the body. It is
475,16,26,31.910419464111328,553.8339614868164,Generate a list of five items an individual needs to make a snowman.," 
A. Snow 
B. Carrot 
C. Twigs 
D. Coal 
E. Scarf 
occo"
476,14,128,32.50932693481445,2743.2920932769775,"Re-word the proverb, ""The early bird catches the worm"""," to apply to a different situation.
The early bird catches the worm. 
The early "
477,48,128,25.955677032470703,2717.4699306488037,"Given a table of data, determine if it follows the normal distribution.
Table:
S","
10	0
11	0
12	0
13	0
14	0
15	0
16	0
17	0
18	0
19	0
20	0
 Input: 
Score	Frequency"
478,14,128,32.41872787475586,2728.7168502807617,List 3 ways businesses can leverage AI to improve customer experience.," Explain each point in detail.
AI can be used to automate customer service inqui"
479,58,56,26.681184768676758,1181.7924976348877,"How would you grade this writing?
Writing: The Apple iPhone XS Max is one of the"," Additionally, it has a battery life that lasts all day and a long-lasting OLED "
480,16,128,32.373905181884766,2719.8493480682373,"Evaluate the following website using the criteria of accessibility, usability, a", Provide feedback to the website owner in terms of suggestions to improve the we
481,14,20,32.34100341796875,414.2649173736572,Convert the following octal number 560 to its binary form.," 

Output: 
The binary form of 560 in octal is 110111100."
482,14,128,32.45973587036133,2725.998878479004,Explain how having an international organization can help increase global commun," Provide examples.
Having an international organization can help increase global"
483,9,64,31.83460235595703,1344.8388576507568,"What is conditional probability?
No input required",". 
Conditional probability is the probability of an event occurring given that s"
484,14,128,32.515764236450195,2718.6410427093506,"Generate a unique algorithm for sorting a list of numbers.
N/A"," - The problem description is the algorithm. 
Input: A list of numbers
Output: A"
485,15,128,31.97455406188965,2746.6232776641846,"Group the given items according to common characteristics
apple, orange, banana","
Fruits
pencil, pen
Writing instruments
car, bike
Vehicles
book, magazine
Readin"
486,13,13,31.775474548339844,258.4805488586426,"Replace all vowels in the word ""hello"" with underscores."," 
The resulting word should be ""h___llo""."
487,36,56,27.061939239501953,1203.080654144287,"Calculate the area of a rhombus given two diagonals of the rhombus.
Diagonal 1: ","
Area = (Diagonal 1) × (Diagonal 2) / 2
Area = (12 cm) × (18 cm) / 2
Area = 108 "
488,7,125,31.650781631469727,2676.708459854126,Name two famous Asian celebrities.," 
Name: Jang Geun-suk
Nationality: South Korean
Occupation: Actor, singer, model"
489,8,66,31.45575523376465,1408.9343547821045,Describe a mojito cocktail.," 
A refreshing and classic cocktail made with rum, lime juice, mint leaves, and "
490,14,128,33.29038619995117,2707.2207927703857,Explain the process of depositing money into a checking account.,"  Provide examples.
Depositing money into a checking account is a process of mov"
491,8,128,31.42571449279785,2751.328229904175,Find a massage therapist in DC., I have been dealing with chronic back pain and I am hoping to find a therapist 
492,17,39,26.713132858276367,817.3458576202393,"Select the most appropriate word from the list.
joyful, joyous, festive",", ecstatic, jubilant
A. jubilant
B. jubilous
C. jubilousy
D. joyful
Answer: A. j"
493,17,128,26.283979415893555,2744.6823120117188,"Create a Python function to classify books according to genre.
def classify_book"," 
    # Define the genres
    genres = [""Mystery"", ""Science Fiction"", ""Romance"","
494,19,128,27.248620986938477,2739.652633666992,"Identify the most significant factor in a given situation.
The increasing cost o"," The cost of pharmaceutical drugs has been increasing over the past few years, a"
495,11,9,31.232833862304688,172.4839210510254,"Spell the following word in American English.
Realisation",".
The answer is: Realization."
496,14,121,33.15544128417969,2573.6939907073975,Name two features that you should look for in a good laptop.," Include why you would look for each feature.
A good laptop should have good coo"
497,46,2,24.580955505371094,21.54707908630371,"Describe the shape of this figure.
![alt-text](https://i.pinimg.com/originals/56",
498,13,128,31.88300132751465,2736.254930496216,Explain why computers are better than humans for playing chess., Computers are better than humans at playing chess because they can analyze a la
499,17,128,26.06797218322754,2732.1791648864746,Compose a script for an advertisement aimed at helping people understand the imp," 
The script should focus on the benefits of physical activity, such as improved"
500,9,84,31.19063377380371,1800.6389141082764,Name a popular book in the fantasy genre,". (2 points)
Name a character from the book you just named. (1 point)
Name a fam"
501,31,17,25.95376968383789,348.21009635925293,Rewrite the following sentence by replacing the underlined word with a substitut," 

Output:
Recently he has been donating substantial amounts of money to the cha"
502,92,2,26.838064193725586,21.541357040405273,"Update the information in the table with the new dataset.
+-------------------+
",
503,11,19,29.88266944885254,397.3867893218994,Output the scientific name of the common ostrich.," 
Input: 
Common Ostrich
Output: 
Struthio camelus 
"
504,17,128,26.776790618896484,2728.027582168579,"Sort the given items in order of their weight.
Apple, Car, Pencil",", Book
Order: Pencil, Apple, Book, Car
Weight: Pencil (0.25 oz), Apple (0.25 oz)"
505,18,16,26.117563247680664,318.9206123352051,"Generate a new movie title from the following words: Cat, Astronaut, Lighthouse","
The title is: Cat in Space: Lighthouse on the Horizon."
506,29,77,26.01170539855957,1625.239610671997,"Provide a computer code snippet to sort an array.
[2, 6, 3, 7, 1, 4]"," -> [1, 2, 3, 4, 6, 7]

var arr = [2, 6, 3, 7, 1, 4];
arr.sort((a, b) => a - b);"
507,41,14,26.000499725341797,286.3154411315918,"Classify the following tweet as expressing a positive sentiment, a negative sent"," #COVID19 #coronavirus
Sentiment: Neutral."
508,22,6,28.95331382751465,108.77108573913574,"Categorize the following statement as either a fact or opinion:
""Eating too much"," 

Answer: Opinion."
509,17,18,25.04110336303711,370.67222595214844,"Check if the given sentence is correct.
The tree is tall and strong over."," 

Incorrect. The correct sentence is: The tree is tall and strong over here."
510,11,32,30.309438705444336,658.6687564849854,Generate a sample form template for collecting user feedback.," 
### Sample Form Template
#### User Feedback Form 
#### Name: _________________"
511,19,22,26.676654815673828,450.44684410095215,"Choose the most suitable word for the context.
They witnessed the _______ of the"," The sky turned golden, orange, and red.
The most suitable word for the context "
512,13,22,32.83429145812988,455.08360862731934,Name any 5 spices that are commonly used in Indian cooking,"
Answer: Cumin, coriander, turmeric, cayenne pepper, and mustard."
513,21,87,25.248050689697266,1856.5504550933838,"Change the past tense in the following sentence to the present tense.
He was sle"," 
_______
He ________________________ _______________________ __________________"
514,11,17,29.97565269470215,344.3009853363037,Give three examples of a type of data visualization.," 
Answer: 
A bar chart, a histogram, and a scatter plot."
515,20,62,26.499509811401367,1322.0198154449463,Create a CSS rule that changes the background color of a link when the mouse is ," You can use the `:hover` pseudo-class.
```
a:hover {
  background-color: #00ff0"
516,72,58,25.93517303466797,1229.6533584594727,"Add a transition sentence to connect the two paragraphs.
Paragraph 1: The develo"," Our language has also allowed us to access vast amounts of information, explore"
517,10,128,31.374692916870117,2742.4323558807373,Explain what are convolutional neural networks.," 
## Step 1: Introduce the concept of Convolutional Neural Networks (CNNs)
Convo"
518,15,128,31.78858757019043,2721.0090160369873,Generate an essay of 500 words on the topic of machine learning.," 
Machine learning is a subfield of artificial intelligence (AI) that involves t"
519,19,127,27.29654312133789,2715.280294418335,"Summarize the article: ""A survey of machine learning methods for rhetorical ques"," (2021)
The article ""A Survey of Machine Learning Methods for Rhetorical Questio"
520,18,56,27.109622955322266,1189.0568733215332,"State a plausible hypothesis regarding the given topic.
The effects of natural d"," in developing countries.
Hypothesis: Natural disasters significantly hinder eco"
521,22,125,28.46240997314453,2665.5967235565186,"Does the following sentence contain a run-on?
I walked to the park and I ordered"," No. It is a complete sentence.
I walked to the park and I stopped to smell the "
522,10,128,31.818866729736328,2766.705274581909,Describe a method of converting solar energy into electricity,".
## Step 1:  Describe the components of a Solar Power System
A solar power syst"
523,12,28,30.31134605407715,586.4157676696777,"Create a metaphor comparing the given concept.
Concept: Knowledge","
Metaphor: A river of knowledge flows through a person's mind, providing them wi"
524,20,118,25.892019271850586,2529.432773590088,"Create a product description that highlights the features of the mobile phone.
P","
Description: The Samsung Galaxy S20 is a powerful and sleek mobile phone design"
525,35,46,27.401208877563477,975.2686023712158,Here are two statements. Rewrite the second statement to show causal relationshi," 
Statement 1: Gary developed a new set of skills.
Statement 2: He began to mana"
526,25,128,26.607036590576172,2739.276647567749,"Compose a tweet to share the article
https://www.bbc.co.uk/news/science-environm","
The BBC reports that a study published in the journal Nature found that the glo"
527,84,5,26.057004928588867,87.04805374145508,"Categorize the following article as science fiction or fantasy
The story follows"," 
Science fiction."
528,55,128,26.549339294433594,2725.341558456421,"Structure the following recipe into a cooking timeline:
Mix the flour, baking po", Pour the mixture into a greased 9x13 inch baking dish. Bake at 375°F for 35-40 
529,89,128,26.710987091064453,2732.5544357299805,"Create a coda for this song.
Verse 1:
I used to be so free, my soul untethered
B","
Chorus:
Oh, my heart is a drum
Listening to the beat, it's never too late
Bridg"
530,28,6,25.86674690246582,109.25912857055664,"Given this sentence, predict the part of speech of the word “groomed”

He groome",".

Answer: Verb."
531,9,128,30.826807022094727,2749.9454021453857,Name three common methods of identity verification.," 
Name three common methods of identity verification.
Identity verification is t"
532,17,28,28.899669647216797,587.2552394866943,"Calculate the following expression: 3x + 10
x = 4","
3x + 10 = 3 * 4 + 10
= 12 + 10
= 22."
533,23,35,25.629043579101562,730.4408550262451,"Add 3 more words to the following list to make it an antonym of 'large'.
Big, hu",", gigantic, enormous, massive, colossal, humongous, enormous, gigantic, massive,"
534,15,54,31.9366455078125,1131.6101551055908,Suggest an appropriate title for the book ‘The Great Gatsby’," by F. Scott Fitzgerald.
The Great Gatsby.
It is the most appropriate title for "
535,13,128,32.95183181762695,2732.9187393188477,"Construct a comparative sentence from two given words.
Snow, Winter","
Snow falls every winter. 
The snowflakes are beautiful in the winter.
The snow "
536,12,128,30.4410457611084,2729.4018268585205,Name 5 'symptoms' of a broken website,"?
Lack of engagement, Low conversion rates, Outdated content, Poor user experien"
537,16,10,31.761646270751953,193.10235977172852,"Classify the following sentence in terms of sentiment.
This movie was terrible."," 
The sentiment of the sentence is negative."
538,20,8,25.785207748413086,158.6601734161377,"Rewrite the following sentence without using the verb ""to be"".
This is my favori"," 
My favorite song is this."
539,12,128,30.146121978759766,2720.827579498291,Automatically generate a user account with a username and password," of your choice
Automatically assign the user to a specific group or role
Automa"
540,15,128,31.89229965209961,2741.85848236084,"Create a rhetorical question to encourage discussion about the given topic.
Envi"," is a crucial issue of the 21st century.
How can we balance human development wi"
541,18,128,25.54011344909668,2755.141019821167,Compose a tweet in less than 240 characters with the hashtag #AIinFinance.," Tweet: “AI has the potential to transform the finance industry, enabling faster"
542,7,128,31.455278396606445,2733.524799346924,Make a pizza from scratch.," Make the dough, sauce, cheese and toppings.
A pizza from scratch involves makin"
543,8,128,31.976938247680664,2727.2133827209473,Compare and contrast militarism and imperialism,"
Militarism and imperialism are two related but distinct concepts that have been"
544,21,14,26.846647262573242,276.155948638916,"Correct the following sentence for proper grammar: ""The cat is drinking the milk"," 

The cat is drinking the milk and then going to sleep."
545,21,74,26.27873420715332,1575.5608081817627,"In the following sentence, identify the grammar at work.
She liked the pretzels "," 
The grammar is the verb ""liked"" and its subject ""She"". The verb is an action t"
546,20,68,26.9620418548584,1455.2514553070068,"Generate a mnemonic phrase or system to remember the given words.
Nuclear, elect",", hydrogen, and solar are the words.
Nuclear -Never Ever Fail
Electricity - Ener"
547,10,128,30.956029891967773,2735.3944778442383,Make a list of different types of cryptocurrencies.," Name three examples for each type.
1. Fiat-Crypto: 
   - Bitcoin
   - Ethereum
"
548,17,60,26.7179012298584,1280.2577018737793,"Change the given set of words into a complete sentence.
the growth of online sho",", the rise of virtual reality, the development of new gaming platforms, the grow"
549,19,25,27.669191360473633,523.8997936248779,Name two dignitaries who said speeches at the 2020 United Nations General Assemb," 

The two dignitaries were United Nations Secretary-General António Guterres an"
550,12,128,29.348134994506836,2714.033603668213,"Cite three references for the given topic.
Online Shopping",": The Future of Retail?
Shopping online is a growing phenomenon. People are incr"
551,58,2,25.110483169555664,21.344661712646484,"Compare the themes of the following two poems.
Poem 1
""Heed my call, heed my war",
552,13,128,33.05196762084961,2727.7307510375977,Propose a creative use for a Rubik's Cube.," Your response should be concise and should not exceed 300 words. 

I propose th"
553,12,101,29.673099517822266,2167.2756671905518,Explain the term 'convolutional neural networks'.," 

Convolutional Neural Networks (CNNs) are a type of deep learning network that"
554,17,2,27.324438095092773,21.43120765686035,"Edit this sentence: ""The good movie was fantastic""
The good movie was fantastic",.
555,31,128,27.231931686401367,2741.3582801818848,"Create a prototype design for a website given the following screenshots.
Screens"," and image 3 showing a list of products.
The website should have a modern and cl"
556,31,6,26.53956413269043,106.59050941467285,"Annotate this tweet as 'humorous', 'political', 'unsafe' or 'neutral'.
The presi", Yet. #maga
557,34,29,26.090621948242188,595.6530570983887,"Create a function which can compress a string of text.
String of text: ""This is "," 
Compressed string: ""Ti1rS. It hsnPntt1tstth1s fnct1n."""
558,11,128,30.826807022094727,2728.7614345550537,Suggest a new kitchen ingredient for whipped cream.," Here's what you came up with: 
Sesame seeds. 
The nutty flavor of sesame seeds "
559,12,128,30.036211013793945,2756.3235759735107,Identify five qualities of a good customer service rep., What characteristics do they possess and how do they use them to deliver excell
560,9,118,32.71985054016113,2516.8707370758057,List 5 similar countries to India.," If you are not sure, don't guess. Rather, search for the answer.
India is a cul"
561,24,78,28.29909324645996,1665.3861999511719,"Give an example of a scenario where the following statement is true
Do not try t"," 
Scenario: You are planning a wedding and you have a lot of tasks to complete s"
562,7,128,31.14604949951172,2734.2915534973145,List 3 economic principles.," Provide an example for each.
1. Supply and Demand: The price of a good or servi"
563,7,128,31.149864196777344,2740.8313751220703,Describe the traditional publishing process.," What are some of the challenges in the publishing process?
The traditional publ"
564,9,128,30.898571014404297,2738.3129596710205,Explain the purpose of an article review,"
An article review is a detailed analysis of a particular article. It aims to as"
565,18,128,27.447938919067383,2732.9843044281006,Write a list of actionable items that a sales team can use to increase their sal," These should be both short-term and long-term goals.
Short-term goals:
1. Track"
566,10,128,32.17625617980957,2737.947940826416,Summarize the advantages of online learning., Online learning has become increasingly popular in recent years due to its flex
567,14,128,32.44948387145996,2715.0180339813232,Estimate the total cost of a flight from New York to California,. The cost of the flight can be estimated by finding the average cost of flights
